datetime,event,venue,comment
2014-04-10T19:00:00-04:00,Advisory Neighborhood Commission 7C Monthly Meeting,Sargent Memorial Presbyterian Church 5109 Nannie Helen Burroughs Avenue NE (Media: Open),Mayor to Offer Remarks 
2014-04-10T18:00:00-04:00,NoMa Business Improvement District Annual Meeting,175 N Street NE (Media: Open),Mayor to Offer Remarks 
2014-04-10T10:00:00-04:00,Fire & Emergency Medical Services Engine Company 29 Ribbon-Cutting Ceremony,Engine Company 29 4811 MacArthur Boulevard NW (Media: Open),Mayor to Offer Remarks
2014-04-09T19:00:00-04:00,N Street Village 40th Anniversary Gala,"The Ritz-Carlton 1150 22nd Street NW (Media: Open, but credentialing handled by N Street Village)",Mayor to Attend
2014-04-09T10:00:00-04:00,Potholepalooza 2014 Kickoff/Mayor’s Biweekly Press Briefing,Benning Road and G Street SE (Media: Open), Mayor to Launch 2014 Campaign to Identify and Fill Potholes
2014-04-08T15:00:00-04:00,Small and Certified Business Enterprise Development and Assistance Amendment Act of 2014 Bill-Signing Ceremony,John A. Wilson Building Mayor’s Ceremonial Office (Room 509) 1350 Pennsylvania Avenue NW (Media: Open),Mayor to Offer Remarks 
2014-04-07T18:30:00-04:00,Advisory Neighborhood Commission Chairs Fiscal Year 2015 Budget Presentation,One Judiciary Square 441 4th Street NW (Media: Closed),Fiscal Year 2015 Budget Presentation
2014-04-07T10:00:00-04:00,Fiscal Year 2015 Proposed Budget Hearing,John A. Wilson Building Council Chamber Room 500 1350 Pennsylvania Avenue NW (Media: Open),Mayor to Offer Testimony
2014-04-05T12:15:00-04:00,Anacostia Watershed Society Earth Day Cleanup and Celebration,RFK Stadium Parking Lot 7 2400 East Capitol Street SE (Media: Open),Mayor to Offer Remarks
2014-04-05T11:00:00-04:00,4th Annual Senators/Satchel Paige Little League Opening Day Baseball Clinic,Fort Lincoln Field 3100 Fort Lincoln Drive NE (Media: Open),Mayor to Offer Remarks
2014-04-04T20:30:00-04:00, Democratic State Committee Unity Breakfast,"Matthews Memorial Baptist Church 2616 Martin Luther King, Jr. Avenue SE (Media: Open)", Mayor to Attend
2014-04-04T19:00:00-04:00,"3rd Annual Candlelight Vigil Commemorating the Death of Dr. Martin Luther King, Jr.","Martin Luther King, Jr. Memorial 1964 Independence Avenue SW (Media: Open)",Mayor to Offer Remarks
2014-04-04T09:45:00-04:00,Navy Yard Shooting Memorial Plaque Ceremony,Washington Nationals Park Center Field Plaza 1st and N Streets SE (Media: Open to those credentialed through the Nationals), Mayor to Offer Remarks
2014-04-03T09:30:00-04:00,Fiscal Year 2015 Budget Briefing for DC Council,John A. Wilson Building Mayor’s Ceremonial Office (Room 509) 1350 Pennsylvania Avenue NW (Media: Open),"Mayor to Present Budget Proposal to Councilmembers
	 "
2014-04-03T08:00:00-04:00,Fiscal Year 2015 Budget Briefing for Cabinet,John A. Wilson Building Mayor’s Press Briefing Room (Room G-9) 1350 Pennsylvania Avenue NW (Media: Closed),"Mayor to Present Budget Proposal to Cabinet Members
	 "
2014-04-02T19:00:00-04:00,Benning Ridge Civic Association Monthly Meeting,KIPP DC: Promise Academy 4801 Benning Road SE (Media: Open),"Mayor to Offer Remarks
	 "
2014-03-29T10:00:00-04:00,Grand Opening of the Washington Nationals Youth Baseball Academy ,3675 Ely Place SE (Media: Open),Mayor to Attend
2014-03-28T18:30:00-04:00,Conversation on the Success of Women in Washington,Charles Sumner School Museum and Archives 1201 17th Street NW (Media: Open),Mayor to Offer Remarks
2014-03-28T14:00:00-04:00,Grand Re-Opening of the Whitelaw Hotel,The Whitelaw 1839 13th Street NW (Media: Open),Mayor to Offer Remarks at Re-Opening of Renovated Affordable Housing Site
2014-03-28T10:00:00-04:00,Douglass Playground Ribbon Cutting,Douglass Playground 1898 Stanton Terrace SE (Media: Open)   ,"Mayor to Offer Remarks, Cut Ribbon on New Play DC Playground"
2014-03-27T17:00:00-04:00,2014 Developmental Disabilities Awareness Month Reception and Celebration,John A. Wilson Building Mayor’s Press Briefing Room (Room G-9) 1350 Pennsylvania Avenue NW (Media: Open),Mayor to Offer Remarks
2014-03-27T12:00:00-04:00, US – China Sister Cities International Luncheon,Ronald Reagan Building and International Trade Center Atrium Ballroom 1300 Pennsylvania Avenue NW (Media: Open),Mayor to Offer Remarks
2014-03-27T10:00:00-04:00,Play DC Master Plan Announcement/Turkey Thicket Playground Ribbon-Cutting Ceremony,Turkey Thicket Recreation Center 1100 Michigan Avenue NE (Media: Open),Mayor to Offer Remarks
2014-03-26T11:45:00-04:00,Rotary Club of Washington Lunch Meeting,The University Club 1135 16th Street NW (Media: Open),"Mayor to Offer Remarks
	 "
2014-03-26T10:00:00-04:00,United Medical Center Announcement/Mayor’s Biweekly Press Briefing,"Saint Elizabeths Gateway Pavilion 2700 Martin Luther King, Jr. Avenue SE (Media: Open)","Mayor to Offer Remarks
	 "
2014-03-25T18:00:00-04:00,The Apartments at CityCenter Ribbon-Cutting Ceremony,875 10th Street NW (Media: Open),Mayor to Offer Remarks 
2014-03-25T14:00:00-04:00,“Senior Citizen Real Property Tax Relief Act of 2014” Signing Ceremony,John A. Wilson Building Mayor’s Ceremonial Office (Room 509) 1350 Pennsylvania Avenue NW (Media: Open),Mayor to Offer Remarks and Sign Bill
2014-03-25T12:00:00-04:00,Visit to Academy of Hope,601 Edgewood Street NE (Media: Open),Mayor to Offer Remarks
2014-03-25T10:30:00-04:00,Gales School Dedication Ceremony,Central Union Mission 65 Massachusetts Avenue NW (Media: Open),Mayor to Offer Remarks
2014-03-24T19:00:00-04:00,One City All-Star Extravaganza Dinner,,"Mayor to Offer Remarks
	 "
2014-03-24T13:00:00-04:00,Annual Centenarian Salute Luncheon,Gallaudet University Kellogg Conference Center 800 Florida Avenue NE (Media: Open),Mayor to Offer Remarks Honoring District’s Oldest Residents
2014-03-24T12:00:00-04:00,Baptist Ministers’ Convention ,Johnson Memorial Baptist Church 800 Ridge Road SE (Media: Open),"Mayor to Attend
	 "
2014-03-24T08:30:00-04:00,Howard University Middle School of Mathematics and Science Visit ,Howard University Middle School of Mathematics and Science 405 Howard Place NW (Media: Open),"Mayor Visit STEM-focused Charter School
	 "
2014-03-22T21:30:00-04:00,Ward 7 Age-Friendly DC Block-by-Block Walk,To Start at Friendship Collegiate Academy Public Charter School Carter G. Woodson Campus 4095 Minnesota Avenue NE (Media: Open),"Mayor to Walk with Group
	 "
2014-03-22T20:45:00-04:00,Annual Maury at the Market Fundraiser ,Eastern Market North Hall 225 7th Street SE (Media: Open), Mayor to Offer Remarks
2014-03-22T16:30:00-04:00,National Cherry Blossom Festival Opening Ceremony  ,Warner Theatre 513 13th Street NW (Media: Open),"Mayor to Offer Remarks
	 "
2014-03-22T14:00:00-04:00,10th Annual Distinguished Men Cookin’ with Deltas Community Fundraiser  ,Howard University Armour J. Blackburn University Center 2225 Georgia Avenue NW (Media: Open),"Mayor to Attend
	 "
2014-03-22T13:00:00-04:00,Memorial Service in Honor of Virginia Williams  ,Duke Ellington School of the Arts 3500 R Street NW (Media: Open),Mayor to Offer Remarks
2014-03-22T10:30:00-04:00,Mayor’s Parent and Youth Town Hall Meeting on Education  ,Friendship Collegiate Academy Public Charter School Carter G. Woodson Campus 4095 Minnesota Avenue NE  (Media: Open),Mayor to Offer Remarks
2014-03-22T08:15:00-04:00,DC STEM Fair,H.D. Woodson STEM High School 540 55th Street NE (Media: Open),"Mayor to Offer Remarks
	 "
2014-03-21T19:00:00-04:00,2014 Sheroes of the LGBT Movement Awards Reception,Conference Center at Fannie Mae 4000 Wisconsin Avenue NW (Media: Open),Mayor to Present Awards
2014-03-21T14:45:00-04:00,Memorial Service for Pamela Johnson,Covenant Baptist Church 3845 South Capitol Street SW (Media: Open),Mayor to Offer Remarks
2014-03-21T11:00:00-04:00,Ward 3 Clean Team Announcement ,Transcendence-Perfection-Bliss of the Beyond 3428 Connecticut Avenue NW (Media: Open),Mayor to Offer Remarks with Ward 3 Councilmember Mary Cheh
2014-03-20T20:00:00-04:00,Greater Washington Board of Trade 95th Annual Mid-Winter Dinner,Library of Congress The Great Hall 101 Independence Avenue SE (Media: Open),"Mayor to Attend
	 "
2014-03-20T17:30:00-04:00,DC Public Schools Fiscal Year 2015 Budget Public Hearing,Cardozo Education Campus 1200 Clifton Street NW (Media: Open)," Mayor to Offer Remarks
	 "
2014-03-20T13:00:00-04:00,Ward 7 Women of Excellence Luncheon,Pilgrim’s Rest Baptist Church 4611 Sheriff Road NE (Media: Open),"Mayor to Offer Remarks
	 "
2014-03-20T12:00:00-04:00,“Start It in 7” Week Celebration and Park 7 Ribbon Cutting,Park 7 4020 Minnesota Avenue NE (Media: Open),"Mayor to Offer Remarks
	 "
2014-03-20T10:00:00-04:00,Live Media Interview: NewsChannel 8’s NewsTalk with Bruce DePuyt,"WJLA Studios 1100 Wilson Boulevard Arlington, VA ",Live Media Interview
2014-03-19T19:00:00-04:00,"Greater Washington Urban League 42nd Annual Whitney M. Young, Jr. Memorial Gala",Grand Hyatt Hotel 1000 H Street NW (Media: Open),Mayor to Offer Remarks
2014-03-19T11:00:00-04:00,Southwest Waterfront Development Groundbreaking Ceremony,800 Water Street SW (Media: Open),Mayor to Offer Remarks
2014-03-19T08:45:00-04:00,.: Greater Washington Hispanic Chamber of Commerce 5th Annual Business Expo Ribbon-Cutting Ceremony,Walter E. Washington Convention Center Hall D 801 Mount Vernon Place NW (Media: Open),Mayor to Offer Remarks
2014-03-18T09:45:00-04:00,Community of Hope Conway Health and Resource Center Ribbon-Cutting Ceremony,Community of Hope Conway Health & Resource Center 4 Atlantic Street SW (Media: Open)   ,Mayor to Offer Remarks
2014-03-17T18:30:00-04:00,Capitol View Civic Association Meeting,Hughes Memorial United Methodist Church 25 53rd Street NE (Media: Closed),Mayor to Offer Remarks
2014-03-17T11:15:00-04:00,Park 7 Ribbon-Cutting Ceremony and “Start it in 7” Week Kickoff ,Park 7 4020 Minnesota Avenue NE (Media: Open),Mayor to Offer Remarks
2014-03-17T09:45:00-04:00,Community of Hope’s Conway Health Center Grand Opening ,Conway Health Center 4 Atlantic Street SW (Media: Open),"Mayor to Offer Remarks
	 "
2014-03-15T18:30:00-04:00, 37th Annual Evening with Labor Awards Dinner,Omni Shoreham Hotel 2500 Calvert Street NW (Media: Open),"Mayor Offer Remarks
	 "
2014-03-15T13:00:00-04:00,Returning Citizens Town Hall,"St. Elizabeths East Campus Gateway Pavilion 2700 Martin Luther King, Jr. Avenue SE (Media: Open)",Mayor Offer Remarks
2014-03-13T20:30:00-04:00,Teach For America 4th Annual Gala,The Omni Shoreham Hotel 2500 Calvert Street NW (Media: Open),"Mayor to Offer Remarks
	 "
2014-03-12T18:30:00-04:00,First Annual DC Commission for Women Washington Women of Excellence Awards,John A. Wilson Building Mayor’s Ceremonial Office (Room 509) 1350 Pennsylvania Avenue NW (Media: Open),"Mayor to Host
	 "
2014-03-12T12:00:00-04:00,Mayor’s Interfaith Council Meeting,Georgetown University Healy Hall 37th and O Streets NW (Media: Closed),"Mayor to Offer Remarks
	 "
2014-03-12T10:00:00-04:00,Skyland Town Center Groundbreaking/Mayor’s Biweekly Press Briefing,Skyland Shopping Center 2646 Naylor Road SE (Media: Open),"Mayor to Offer Remarks, Answer Questions
	 "
2014-03-11T19:00:00-04:00, 2014 State of the District Address,Kelly Miller Middle School 301 49th Street NE (Media: Open),"Mayor to Report on the Status of the City and Outline Priorities for the Coming Year
	 "
2014-03-11T19:00:00-04:00,State of the District Address,Kelly Miller Middle School 301 49th Street NE (Media: Open),Mayor to Report on the Status of the City and Outline His Agenda and Priorities for the Coming Year
2014-03-10T18:30:00-04:00,Swearing-in Ceremony for the Walter Reed Site Reuse Advisory Committee,John A. Wilson Building Room G9 1350 Pennsylvania Avenue NW (Media: Open),"Mayor to Offer Remarks
	 "
2014-03-10T16:00:00-04:00,Executive Cabinet Meeting,1 Judiciary Square 441 4th Street NW Old Council Chambers (Media: Closed),"Mayor to Attend
	 "
2014-03-10T11:15:00-04:00,North America Building Trade Union National Legislative Conference,Washington Hilton 1919 Connecticut Avenue NW (Media: Open),Mayor to Offer Remarks
2014-03-10T10:15:00-04:00,Live Interview with WYCB Spirit 1340 AM’s “The Senior Zone”,John A. Wilson Building 1350 Pennsylvania Avenue,Live Interview
2014-03-06T10:00:00-05:00,Presentation of Citywide Plan for Improving Mental Health of District’s Youth ,John A. Wilson Building Room 527 1350 Pennsylvania Avenue NW (Media: Open),Mayor and Members of Media and Public to Receive Briefing on Community-Based Plan for Mental Health
2014-03-05T17:30:00-05:00,Digital DC Kick-Off Event,WeWork Office (at the Former Wonder Bread Factory) 641 S Street NW (Media: Open),Mayor to Offer Remarks
2014-03-05T10:00:00-05:00,Capitol Quarter Ribbon-Cutting Ceremony,Capitol Quarter Site 601 L Street SE (Media: Open),"Mayor to Offer Remarks
	 "
2014-03-04T17:30:00-05:00, Reception to Honor the Gallaudet University Football Team,John A. Wilson Building Mayor’s Press Briefing Room (Room G-9) 1350 Pennsylvania Avenue NW (Media: Open),"Mayor to Offer Proclamation Celebrating Gallaudet’s Historic 2013 Season
	 "
2014-03-04T14:30:00-05:00,New Endeavors Women’s Shelter Ribbon-Cutting Ceremony,New Endeavors Women’s Shelter 611 N Street NW (Media: Open),"Mayor to Offer Remarks
	 "
2014-03-04T10:30:00-05:00,Visit by President Obama to Powell Elementary School,Powell Elementary School 1350 Upshur Street NW (Media: Open to those credentialed for event through White House),Mayor to Welcome President to Speak at DCPS Campus
2014-03-03T19:00:00-05:00,State of the District Address,Kelly Miller Middle School 301 49th Street NE (Media: Open),Mayor to Report on the Status of the City and Outline His Agenda and Priorities for the Coming Year
2014-03-03T08:45:00-05:00,C.W. Harris Elementary School Read Across America Day,C.W. Harris Elementary School 301 53rd Street SE (Media: Open),Mayor to Attend
2014-03-01T18:00:00-05:00,George Washington University Senior Prom,George Washington University Marvin Center 800 21st Street NW (Media: Open),Mayor to Attend
2014-03-01T17:15:00-05:00,Leading with Pride LGBT Conference,School Without Walls 2130 G Street NW (Media: Open),Mayor to Offer Remarks
2014-03-01T13:00:00-05:00,Here’s To Your Health Heart Event,Safeway 2845 Alabama Avenue SE (Media: Open),Mayor to Offer Remarks
2014-03-01T09:00:00-05:00,Interfaith Economic Development Summit,First Congregational United Church of Christ 945 G Street NW (Media: Open),Mayor to Offer Remarks
2014-02-28T20:00:00-05:00,Metropolitan Police Department 5D Citizens Advisory Council Annual Banquet ,Washington Navy Yard Conference Center 1454 Parsons Avenue SE (Media: Open),"Mayor to Offer Remarks
	 "
2014-02-28T18:30:00-05:00, 8th Annual Blacks in Wax Performance,Eagle Center at McCogney 3400 Wheeler Road SE (Media: Open),Mayor to Offer Remarks
2014-02-28T12:30:00-05:00,DC Business Improvement District Council Annual Luncheon,Clyde’s at Gallery Place 707 7th Street NW (Media: Closed),"Mayor to Offer Remarks
	 "
2014-02-28T11:30:00-05:00,United Way Community Impact Grants Check Presentation Ceremony,John A. Wilson Building Mayor’s Ceremonial Office (Room 509) 1350 Pennsylvania Avenue NW (Media: Open,"Mayor to Offer Remarks
	 "
2014-02-27T10:30:00-05:00,Mayor Gray to Announce Steps to Protect GLBT Community from Discrimination in Health Care,John A. Wilson Building Mayor’s Ceremonial Office (Room 507) 1350 Pennsylvania Avenue NW (Media: Open),Mayor to Offer Remarks
2014-02-26T14:00:00-05:00,Mayor’s Commission on HIV/AIDS Meeting ,John A. Wilson Building Room G-9 1350 Pennsylvania Avenue NW (Media: Open),"Mayor to Attend
	 "
2014-02-26T11:30:00-05:00,Regional Governors Meeting ,"Virginia Tech Research Center 900 North Glebe Road Arlington, VA (Media: Meeting is closed to press, but media availability will directly follow the meeting at approximately 12:30 p.m.)","Mayor to Meet with Virginia Governor Terry McAuliffe and Maryland Governor Martin O’Malley
	 "
2014-02-26T10:00:00-05:00, forWARD 8 Announcement/Mayor’s Biweekly Press Briefing,"Development Projects for Ward 8 St Elizabeths East Campus Chapel 2700 Martin Luther King, Jr. Avenue SE (Media: Open) ","Mayor to Announce Launch of $2.5 Million Package of District-Led Career Training and Business Development Projects for Ward 8
	 "
2014-02-25T21:00:00-05:00,Carolina Kitchen Ribbon-Cutting Ceremony,Carolina Kitchen Rhode Island Row 2350 Washington Place NE (Media: Open),Mayor to Offer Remarks
2014-02-25T16:30:00-05:00,Meeting with Ambassador Mohammed Jaham Al Kuwari of the State of Qatar,John A. Wilson Building Mayor’s Ceremonial Office 1350 Pennsylvania Avenue NW (Media: Closed),Meeting
2014-02-25T11:00:00-05:00,DC One Fund Campaign Awards Ceremony,One Judiciary Square Old Council Chambers441 4th Street NW (Media: Open),Mayor to Offer Remarks
2014-02-24T08:30:00-05:00,Visit to Howard University Middle School of Mathematics and Science (MS)²,405 Howard Place NW (Media: Open),"Mayor to Visit School, Offer Remarks"
2014-02-23T14:00:00-05:00,Jewish Federation of Greater Washington Super Sunday,Jewish Community Center 1529 16th Street NW (Media: Open),Mayor to Attend
2014-02-22T14:15:00-05:00,Jack and Jill DC JUMOKE 25th Anniversary Celebration,THEARC 1901 Mississippi Avenue SE (Media: Open),Mayor to Offer Remarks
2014-02-22T11:00:00-05:00,Satchel Paige Little League Winter Baseball Clinic,Turkey Thicket Recreation Center 1100 Michigan Avenue NE (Media: Open),Mayor to Offer Remarks
2014-02-20T10:00:00-05:00,Live Media Interview: NewsChannel 8’s NewsTalk with Bruce DePuyt,"WJLA Studios 1100 Wilson Boulevard Arlington, VA",Live Media Interview
2014-02-19T20:00:00-05:00,Travel from New York City to Washington,,Travel
2014-02-19T14:00:00-05:00,Meeting with Moody’s Investor Services,"Moody’s Investor Services 7 World Trade Center New York, NY (Media: Closed)",District’s Bond Rating 
2014-02-19T14:00:00-05:00,Meeting with Moody’s Investor Services,"Moody’s Investor Services 7 World Trade Center New York, NY (Media: Closed)",District’s Bond Rating 
2014-02-19T11:30:00-05:00,Meeting with Fitch Ratings,"Fitch Ratings One State Street Plaza New York, NY (Media: Closed)",District’s Bond Rating 
2014-02-19T09:30:00-05:00,Meeting with Standard & Poor’s,"Standard & Poor’s 55 Water Street New York, NY (Media: Closed)",District’s Bond Rating 
2014-02-18T10:00:00-05:00,"Announcement of Winning Firm for Martin Luther King, Jr. Memorial Library Redesign ","Martin Luther King, Jr. Memorial Library 901 G Street NW"," Mayor to Offer Remarks
	 "
2014-02-14T10:30:00-05:00,Ward 3 Clean Team Announcement,Wake-Up Little Suzie 3409 Connecticut Avenue NW (Media: Open)   ,Mayor to Offer Remarks 
2014-02-12T10:00:00-05:00,2014 Sustainable DC Innovation Challenge Grant Awards Announcement/Mayor’s Biweekly Press Briefing,P.R. Harris Educational Campus 4600 Livingston Road SE (Media: Open),"Mayor to Offer Remarks, Answer Questions"
2014-02-10T16:00:00-05:00,Mayor’s Executive Cabinet Meeting,Virginia Williams Family Resource Center 33 N Street NE (Media: Closed),Meeting
2014-02-10T08:30:00-05:00,DC Scholars Stanton Elementary School Visit with US Secretary of Education Arne Duncan ,Stanton Elementary School 2701 Naylor Road SE (Media: Open),Mayor to Highlight Successful AmeriCorps Program; Participate in Roundtable Discussion
2014-02-09T16:00:00-05:00,National Association of Regional Councils Welcome to Washington Reception,The Ritz Carlton 1150 22nd Street NW (Media: Closed),"Mayor to Give Keynote Address
	 "
2014-02-09T13:00:00-05:00,2014 AFGE Legislative and Grassroots Mobilization Conference,Hyatt Regency Capitol Hill 400 New Jersey Avenue NW (Media: Open),Mayor to Offer Remarks
2014-02-08T20:00:00-05:00,BET Honors Taping,Warner Theatre 513 13th Street NW (Media: Open to Press Registered with BET),Mayor to Attend 
2014-02-08T16:00:00-05:00,Second Annual Deoni Jones Memorial Rally,St. Luke Roman Catholic Church 4925 East Capitol Street SE (Media: Open),"Mayor to Offer Remarks
	 "
2014-02-07T20:00:00-05:00,BET Honors Annual Dinner,National Museum of Women in the Arts 1250 New York Avenue NW (Media: Closed),Mayor to Attend 
2014-02-07T19:00:00-05:00, Deanwood Heights Main Streets Award Presentation,Department of Employment Services 4058 Minnesota Avenue NE (Media: Open),Mayor to Offer Remarks 
2014-02-07T10:00:00-05:00,Metropolitan Police Department 6th District Headquarters and Youth Investigation Division Groundbreaking Ceremony,Merritt Middle School 5002 Hayes Street NE (Media: Open), Mayor to Offer Remarks
2014-02-06T15:30:00-05:00,Chapman Development Check Presentation to Child and Family Services Agency,Child and Family Services Agency Donation Center 200 I (Eye) Street SE (Media: Open),Mayor to Offer Remarks
2014-02-06T13:00:00-05:00,Congressional Black Caucus National Day of Prayer to End Poverty and Income Inequality,United States Capitol East Lawn (Media: Open),"Mayor to Offer Remarks
	 "
2014-02-04T20:00:00-05:00,Advisory Neighborhood Commission 4A Monthly Meeting,Fort Stevens Recreation Center 1327 Van Buren Street NW (Media: Open),Mayor to Offer Remarks
2014-02-03T10:00:00-05:00,Renovated Northeast Library Ribbon-Cutting Ceremony,Northeast Branch Library 330 7th Street NE (Media: Open),"Mayor to Offer Remarks
	 "
2014-02-02T14:00:00-05:00,Chinese Lunar New Year Parade,510 I (Eye) Street NW (Media: Open),"Mayor to Offer Remarks
	 "
2014-02-01T14:30:00-05:00,Housing for All NOW Rally,Calvary Baptist Church Sanctuary 755 8th Street NW (Media: Open),Mayor to Offer Remarks
2014-01-31T17:30:00-05:00,H.D. Woodson Senior High School Football Team Recognition Ceremony,H.D. Woodson Senior High School 540 55th Street NE (Media: Open),Mayor to Offer Remarks at Halftime of Boys’ Basketball Game
2014-01-31T10:00:00-05:00,Comprehensive Annual Financial Report (CAFR) Announcement,John A. Wilson Building Mayor’s Press Briefing Room (Room G-9) 1350 Pennsylvania Avenue NW (Media: Open),Mayor to Offer Remarks
2014-01-30T18:30:00-05:00,Meeting with Boards and Commissions Chairs,One Judiciary Square 441 4th Street NW Old Council Chamber (Media: Closed),Meeting
2014-01-30T10:00:00-05:00,Department of General Services Contractors’ Information Summit,Gallaudet University Kellogg Conference Center 800 Florida Avenue NE (Media: Open),Mayor to Offer Remarks
2014-01-29T21:30:00-05:00,Homeless Point in Time Count,National City Christian Church 5 Thomas Circle NW (Media: Open),Mayor to Offer Remarks
2014-01-29T14:30:00-05:00,Visit to the HIVE 2.0,The HIVE 2.0 1231-B Good Hope Road SE (Media: Closed),Mayor to Tour East End Co-Working Space and Small Business Incubator
2014-01-29T10:00:00-05:00,Hospitality Workforce Grants Announcement/Mayor’s Biweekly Press Briefing,D.C. Central Kitchen 425 2nd Street NW (Media: Open),Mayor to Offer Remarks
2014-01-29T08:15:00-05:00, National Head Start Association Annual Winter Leadership Institute,Renaissance Hotel Convention Center 999 9th Street NW(Media: Closed),Mayor to Offer Remarks
2014-01-28T18:30:00-05:00,Advisory Neighborhood Commission Chairs Meeting,One Judiciary Square Room 1107 South 441 4th Street NW (Media: Closed),"Mayor to Offer Remarks
	 "
2014-01-28T14:00:00-05:00,Visit with DPR and DOES “Grow Your Own” Program Participants,Raymond Recreation Center 3725 10th Street NW (Media: Open),Mayor to Offer Remarks
2014-01-28T11:00:00-05:00,Hecht Warehouse Redevelopment Groundbreaking Ceremony,Hecht Warehouse 1401 New York Avenue NE (Media: Open),Mayor to Offer Remarks
2014-01-28T09:00:00-05:00,Mayor-Council Monthly Breakfast Meeting,John A. Wilson Building Room 507-A 1350 Pennsylvania Avenue NW (Media: Open),Breakfast Meeting
2014-01-27T10:00:00-05:00,Excel Academy Public Charter School Kitchen Ribbon-Cutting Ceremony,"Excel Academy 2501 Martin Luther King, Jr. Avenue SE (Media: Open)",Mayor to Offer Remarks
2014-01-26T19:00:00-05:00,Korean-American Grocers Association Annual Scholarship Banquet ,Ukrainian Catholic National Shrine of the Holy Family 4250 Harewood Road NE (Media: Open),Mayor to Give Keynote Address
2014-01-25T20:00:00-05:00,Pigskin Club 75th Anniversary Awards Dinner ,Howard University Blackburn Center 2397 6th Street NW (Media: Open)," Mayor to Attend
	 "
2014-01-25T19:00:00-05:00,Operation Understanding DC Class 19 Graduation Ceremony ,Kay Spiritual Center 4400 Massachusetts Avenue NW (Media: Open),"Mayor to Offer Remarks
	 "
2014-01-25T09:30:00-05:00,"At-Large Councilmember Anita Bonds’ Community Action Summit, Part Two",Frank D. Reeves Center of Municipal Affairs 2000 14th Street NW (Media: Open),"Mayor to Offer Remarks
	 "
2014-01-24T14:00:00-05:00,Mayors’ Innovation Project 2014 Winter Meeting,SEIU Conference Center 1800 Massachusetts Avenue NW (Media: Closed),Mayor to Offer Welcome Remarks
2014-01-24T09:30:00-05:00,U.S. Conference of Mayors Hunger and Homelessness Task Force Meeting,Capital Hilton Hotel 1001 16th Street NW (Media: Closed),Mayor to Attend
2014-01-24T08:15:00-05:00,Live Radio Interview with Sirius XM Urban View Channel 110’s The Joe Madison Show,,Radio Interview
2014-01-23T21:30:00-05:00,US Conference of Mayors 82nd Winter Meeting Evening Event,St. Regis Hotel 923 16th Street NW (Media: Closed),Mayor to Attend
2014-01-23T19:00:00-05:00,Latino Leaders’ Network Tribute to Mayors Dinner,Smith and Wollensky 1112 19th Street NW (Media: Open),"Mayor to Offer Remarks and Receive Antonio Villaraigosa Leadership Award with Phoenix, Ariz. Mayor Greg Stanton"
2014-01-22T19:00:00-05:00,"Delta Sigma Theta Sorority, Inc. Washington, DC Alumnae Chapter Reception ",Carnegie Library 801 K Street NW (Media Closed),Mayor to Offer Remarks
2014-01-22T15:30:00-05:00,Education Reform Task Force Meeting ,Capital Hilton Hotel 1001 16th Street NW (Media: Open with USCM Registration),Mayor to Attend
2014-01-22T14:30:00-05:00,"Children, Health and Human Services Committee Meeting",Capital Hilton Hotel 1001 16th Street NW (Media: Open with USCM Registration),"Mayor to Offer Remarks on Early Childhood Education
	 "
2014-01-22T12:30:00-05:00,US Conference of Mayor’s 82nd Winter Meeting,Capital Hilton Hotel 1001 16th Street NW (Media: Open with USCM Registration),Opening Plenary Luncheon - Mayor to Offer Welcome Remarks
2014-01-22T12:30:00-05:00,US Conference of Mayor’s 82nd Winter Meeting,Capital Hilton Hotel 1001 16th Street NW (Media: Open with USCM Registration),Opening Plenary Luncheon - Mayor to Offer Welcome Remarks
2014-01-21T10:00:00-05:00,Excel Academy Public Charter School Kitchen Ribbon-Cutting Ceremony,"Excel Academy 3501 Martin Luther King, Jr. Avenue SE (Media: Open)","Mayor to Offer Remarks
	 "
2014-01-20T13:45:00-05:00,"DRUM, Inc. Annual Martin Luther King, Jr. Luncheon",Gallaudet University Kellogg Conference Center 800 Florida Avenue NE (Media: Open),Mayor to Offer Remarks
2014-01-20T12:30:00-05:00," Serve DC “It Takes a Village” Martin Luther King, Jr. Day Project",The Dunbar 2001 15th Street NW (Media: Open),Mayor to Participate
2014-01-20T11:00:00-05:00,Monumental Sports and Entertainment Foundation and PlayWorks School Transformation Project,West Education Campus 1338 Farragut Street NW (Media: Open),Mayor to Offer Remarks
2014-01-20T09:30:00-05:00,"City Year Martin Luther King, Jr. Day of Service",Coolidge High School 6515 15th Street NW (Media: Open),Mayor to Offer Remarks
2014-01-20T08:00:00-05:00,"Martin Luther King, Jr. Memorial Foundation Wreath-Laying Ceremony","Martin Luther King, Jr. National Memorial 1964 Independence Avenue SW (Media: Open)",Mayor to Offer Remarks
2014-01-18T11:00:00-05:00,University of the District of Columbia – Community College Workforce Graduation Ceremony ,,"Mayor to Offer Remarks
	 "
2014-01-18T07:30:00-05:00,"United Planning Organization 30th Annual Martin Luther King, Jr. Breakfast",J.W. Marriott Hotel 1331 Pennsylvania Avenue NW (Media: Open),Mayor to Offer Remarks
2014-01-17T10:00:00-05:00,Fire & Emergency Medical Services Engine Company 28 Ribbon-Cutting Ceremony,Engine Company 28 3522 Connecticut Avenue NW (Media: Open),Mayor to Open Renovated Fire Station in Cleveland Park
2014-01-16T18:30:00-05:00,Community Meeting on Virginia Avenue Tunnel Plans,200 I (Eye) Street SE (Media: Open),"Mayor to Engage and Listen to Community Feedback
	 "
2014-01-16T12:00:00-05:00, Hotel Association of Washington Annual Meeting,J.W. Marriott Hotel 1331 Pennsylvania Avenue NW (Media: Closed),Mayor to Give Keynote Address
2014-01-16T10:00:00-05:00, Live Media Interview: NewsChannel 8’s NewsTalk with Bruce DePuyt,"WJLA Studios 1100 Wilson Boulevard Arlington, VA ",Media Interview
2014-01-15T14:30:00-05:00, Visit to Central Union Mission,Central Union Mission 65 Massachusetts Avenue NW (Media: Closed),Mayor to Tour Mission’s New Facilities
2014-01-15T10:30:00-05:00,Minimum Wage Amendment Act of 2013 Bill-Signing Ceremony and Mayor’s Biweekly Press Briefing,John A. Wilson Building Mayor’s Press Briefing Room (Room G-9) 1350 Pennsylvania Avenue NW (Media: Open),"Mayor to Sign Bill with Chairman Mendelson
	 "
2014-01-13T18:30:00-05:00,Alcoholic Beverage Control Board Swearing-in Ceremony,John A. Wilson Building Mayor’s Suite (6th Floor) 1350 Pennsylvania Avenue NW (Media: Open),"Mayor to Offer Remarks, Swear in New Board Members
	 "
2014-01-13T18:30:00-05:00,Alcoholic Beverage Control Board Swearing-in Ceremony,John A. Wilson Building Mayor’s Suite (6th Floor) 1350 Pennsylvania Avenue NW (Media: Open),"Mayor to Offer Remarks, Swear in New Board Members
	 "
2014-01-13T16:00:00-05:00,Mayor’s Executive Cabinet Meeting, St. Elizabeths East Gateway Pavilion 2700 Martin Luther King Junior Avenue SE (Media: Closed),Meeting
2014-01-10T11:00:00-05:00,DC Housing Authority Housing Choice Voucher Program Celebration,,"Mayor to Offer Remarks
	 "
2014-01-09T15:45:00-05:00,DC Water Green Infrastructure Challenge Award Ceremony,Ronald Reagan International Trade Center Rotunda 1300 Pennsylvania Avenue NW (Media: Open)," Mayor to Offer Remarks
	 "
2014-01-09T10:00:00-05:00, Announcement of New DC Public Library Executive Director,Martin Luther King Junior Memorial Library 901 G Street NW (Media: Open),"Mayor to Offer Remarks
	 "
2014-01-09T09:00:00-05:00," Press Conference with Congresswoman Eleanor Holmes Norton (D-DC) and Congressman Jerrold Nadler (D-NY) on H.R. 7, the No Taxpayer Funding for Abortion Act",United States Capitol Complex Location TBA (Media: Open),"Mayor to Offer Remarks Responding to Act’s Direct Violation of Home Rule
	 "
2014-01-08T19:30:00-05:00,Advisory Neighborhood Commission 8C Monthly Meeting,"United Planning Organization Petey Greene Center 2907 Martin Luther King, Jr. Avenue SE (Media: Open)","Mayor to Offer Remarks
	 "
2014-01-06T18:30:00-05:00,"Martin Luther King, Jr. Holiday Commission Swearing-In Ceremony",John A. Wilson Building Mayor’s Ceremonial Office (Room509) 1350 Pennsylvania Avenue NW (Media: Opens),Mayor to Swear In New Commission Members
2014-01-06T10:30:00-05:00,Metro Series 7000 Rail Cars Arrival Press Conference,"Greenbelt Metrorail Station Platform Level  Greenbelt, MD (Media: Open)","Mayor, Other Regional Officials to Welcome Newest Metro Rail Cars for Testing Phase"
2013-12-23T14:30:00-05:00,Mayor’s Holiday Toy Giveaway Stop #4,D.C. General Shelter 2nd Floor Activity Room 1900 Massachusetts Avenue SE (Media: Open),Mayor’s Holiday Toy Giveaway Stop #4
2013-12-23T13:00:00-05:00,Mayor’s Holiday Toy Giveaway Stop #3,Excel Academy Public Charter School 2501 Martin Luther King Junior Avenue SE (Media: Open),Toy Giveaway
2013-12-23T11:30:00-05:00,Mayor’s Holiday Toy Giveaway Stop #2,Hopkins Apartments Resident Council Office 1430 L Street SE (Media: Open),Toy Giveaway
2013-12-23T10:00:00-05:00,Mayor’s Holiday Toy Giveaway Stop #1,Potomac Gardens Community Recreation Center 700 12th Street NE (Media: Open),Toy Giveaway
2013-12-21T22:00:00-05:00,SEIU Local 722 Annual Christmas Party ,"Martin’s Crosswinds 7400 Greenway Center Drive Greenbelt, MD (Media: Closed)",Mayor to Attend 
2013-12-21T13:00:00-05:00,Ward 8 Democrats Kwanzaa Celebration,Imagine Southeast Public Charter School 3100 Martin Luther King Junior Avenue SE (Media: Open),Mayor to Attend
2013-12-20T20:00:00-05:00,Councilmember Marion Barry’s Ward 8 Christmas Party,THEARC 1901 Mississippi Avenue SE (Media: Open), Mayor to Attend
2013-12-20T12:00:00-05:00,House of Lebanon Senior Housing Ribbon Cutting Ceremony,27 O Street NW (Media: Open),Mayor to Offer Remarks
2013-12-19T20:45:00-05:00,Carolina Kitchen Toy Drive Event,Carnegie Library Mount Vernon Square NW (Media: Open),Mayor to Offer Remarks
2013-12-19T19:00:00-05:00, ANC 2E Community Meeting,Georgetown Visitation School 1524 35th Street NW (Media: Open),"Mayor to Offer Remarks
	 "
2013-12-19T14:00:00-05:00,Recreation Wish List Holiday Event,Morton’s Steakhouse 1150 Connecticut Avenue NW (Media: Open)," Mayor to Attend
	 "
2013-12-19T11:00:00-05:00,Mayor’s Annual Senior Holiday Luncheon,DC Armory 2001 East Capitol Street SE (Media: Open),Mayor to Offer Remarks
2013-12-18T20:45:00-05:00,Carolina Kitchen Toy Drive,Carnegie Library Mount Vernon Square NW (Media: Open),Mayor to Offer Remarks 
2013-12-18T13:00:00-05:00,DCPS Trial Urban District Assessment (TUDA) Results Announcement,John A. Wilson Building Mayor’s Ceremonial Office (Room 509) 1350 Pennsylvania Avenue NW (Media: Open),Mayor to Offer Remarks on Test Results
2013-12-18T11:30:00-05:00,Metropolitan Police 7D 44th Annual Holiday Party for Disadvantaged Youth,Panorama Room 1600 Morris Road SE (Media: Open),Mayor to Attend
2013-12-18T10:00:00-05:00,Rhode Island Avenue Main Street Announcement/Mayor’s Biweekly Press Briefing,Washington Area Community Investment Fund 2012 Rhode Island Avenue NE (Media: Open),"Mayor to Offer Remarks
	 "
2013-12-17T19:30:00-05:00,Virginia Ali’s 80th Birthday Celebration,The Lincoln Theatre 1215 U Street NW (Media: Open),Mayor to Offer Remarks
2013-12-17T19:00:00-05:00,Early Childhood Education Celebration ,PNC Bank 12th Floor 800 17th Street NW (Media: Open),Mayor to Offer Remarks
2013-12-17T13:00:00-05:00,Michael Walton Foundation “Speak Out to Reach Out” Forum,Friendship Collegiate Academy Public Charter School 4095 Minnesota Avenue NE (Media: Open),Mayor to Offer Remarks
2013-12-17T11:30:00-05:00,Mayor’s Community Service Awards,John A. Wilson Building Mayor’s Ceremonial Office (Room 509) 1350 Pennsylvania Avenue NW (Media: Open),"Mayor to Offer Remarks
	 "
2013-12-17T10:00:00-05:00,Shaw Ribbon-Palooza: Quintuple Ribbon-Cutting Tour,Right Proper Brewing Company 624 T Street NW (Media: Open),"Mayor to Offer Remarks, Cut Ribbon on Four New Businesses in Shaw
	 "
2013-12-16T18:00:00-05:00,Mayor’s Cabinet Holiday Reception,Washington Convention Center 801 Mount Vernon Place NW (Media: Closed),"Mayor to Attend
	 "
2013-12-16T16:00:00-05:00,Executive Cabinet Meeting,Washington Convention Center Ballroom A 801 Mount Vernon Place NW (Media: Closed),Meeting
2013-12-16T13:15:00-05:00,Luncheon for the Ambassador of Qatar,Ritz Carlton Washington 1150 22nd Street NW (Media: Open),Mayor to Offer Remarks
2013-12-16T12:15:00-05:00,"Baptist Ministers’ Conference of Washington, DC and Vicinity Meeting",Trinidad Baptist Church 1611 Benning Road NE (Media: Open),Mayor to Attend 
2013-12-16T11:00:00-05:00,AARP Penn-Branch Chapter #3473 Holiday Luncheon,Washington Navy Yard Conference Center 1454 Parson Drive SE (Media: Open),"Mayor to Offer Remarks
	 "
2013-12-16T09:30:00-05:00,Georgia Avenue Business Alliance Monthly Meeting,Shepherd Park Library 7420 Georgia Avenue NW (Media: Open),"Mayor to Offer Remarks
	 "
2013-12-15T15:00:00-05:00,Ward 3 Democratic Committee Holiday Party,Friendship Place 5313 38th Street NW (Media: Open),Mayor to Offer Remarks 
2013-12-14T12:00:00-05:00,Mayor’s Youth Town Hall Meeting,King Greenleaf Recreation Center 201 N Street SW (Media: Open),"Mayor to Offer Remarks, Answer Questions"
2013-12-14T10:30:00-05:00,DC Housing Authority Gift of Love Tree Event,Sibley Plaza 1st Floor Community Room 1140 North Capitol Street NW (Media: Open),Mayor to Offer Remarks
2013-12-13T21:00:00-05:00,Med-Chi Christmas Gala,J.W. Marriott Hotel 1331 Pennsylvania Avenue NW,"Mayor to Attend
	 "
2013-12-13T19:00:00-05:00,United House of Prayer Annual Christmas Open House,United House of Prayer 1665 North Portal Drive NW,Mayor to Attend
2013-12-13T12:00:00-05:00,One City Youth Program Summit,Gallaudet University Kellogg Conference Center 800 Florida Avenue NE (Media: Open),Mayor to Offer Remarks
2013-12-13T10:30:00-05:00,Yards Ahead: A Progress Party in the Park Event,Yards Park 355 Water Street SE (Media: Open),"Mayor to Offer Remarks and Accept the Urban Land Institute’s Urban Open Space Award for Yards Park
	 "
2013-12-12T18:30:00-05:00,Mayor’s Holiday Open House,John A. Wilson Building 6th Floor 1350 Pennsylvania Avenue NW (Media: Open),Open House
2013-12-12T16:30:00-05:00,"Ceremonial Visit with Rome, Italy Mayor Ignacio Marino",John A. Wilson Building Mayor’s Ceremonial Office (Room 509) 1350 Pennsylvania Avenue NW (Media: Closed),Ceremonial Visit
2013-12-12T13:00:00-05:00,DCChamber of Commerce Annual Meeting and Chairman’s Luncheon,Washington Hilton Hotel 1919 Connecticut Avenue NW (Media: Open),Mayor to Offer Remarks
2013-12-12T09:45:00-05:00, Chesapeake Bay Program Executive Council Meeting and Press Conference,The National Arboretum 3501 New York Avenue NE (entrance off Bladensburg Road NE)(Media: Council Meeting is Closed to Press; Post-Meeting Press Conference is Open to Press),"Mayor to Chair Meeting, Offer Remarks
	 "
2013-12-11T19:30:00-05:00,Georgetown Business Association Annual Meeting and Gala,Dumbarton House 2715 Q Street NW (Media: Open),Mayor to Offer Remarks
2013-12-11T18:00:00-05:00,Addis Ababa Sister City Agreement Signing Ceremony,John A. Wilson Building Room G-9 1350 Pennsylvania Avenue NW (Media: Open)," Mayor Gray and Mayor of Ethiopian Capital to Sign Agreement
	 "
2013-12-11T10:30:00-05:00, Memorial Service for Nelson Mandela,Washington National Cathedral 3101 Wisconsin Avenue NW (Media: Open to those credentialed through South African Embassy),Mayor to Offer Remarks 
2013-12-10T18:30:00-05:00,Mayor’s Holiday Open House,John A. Wilson Building 6th Floor 1350 Pennsylvania Avenue NW (Media: Open),"Mayor to Attend
	 "
2013-12-10T12:30:00-05:00,National US-Arab Chamber of Commerce “Ambassador of the Year” Award Luncheon for the Ambassador of the State of Qatar,The Ritz-Carlton Washington 1150 22nd Street NW (Media: Open)," Mayor to Attend
	 "
2013-12-09T18:15:00-05:00,Congress Heights Main Street Annual Meeting,"Saint Elizabeths East Gateway Pavilion 2700 Martin Luther King, Jr. Avenue SE (Media: Open)","Mayor to Offer Remarks
	 "
2013-12-09T12:00:00-05:00,Department of Parks and Recreation Grow Your Own Kickoff Event,Raymond Recreation Center 3725 10th Street NW (Media: Open),Mayor to Offer Remarks 
2013-12-09T10:00:00-05:00,CityCenterDC 10th and I Streets Re-Opening Ceremony,CityCenterDC Site 10th and I Streets NW (Media: Open),"Mayor to Offer Remarks
	 "
2013-12-08T15:00:00-05:00, Civic League of North Portal Estates Annual Holiday Celebration,Koskinen Residence 1846 Redwood Terrace NW (Media: Open),"Mayor to Offer Remarks
	 "
2013-12-08T12:00:00-05:00,"Alpha Kappa Alpha Sorority, Inc. Xi Omega Chapter 90th Anniversary Gala Luncheon",Marriott Wardman Park Hotel 2660 Woodley Road NW (Media: Open),Mayor to Offer Remarks 
2013-12-07T20:00:00-05:00,The Links Incorporated 65th Anniversary Gala,J.W. Marriott Hotel 1331 Pennsylvania Avenue NW (Media: Open),"Mayor to Offer Remarks
	 "
2013-12-07T09:00:00-05:00,At-Large Councilmember Anita Bonds’ Community Action Summit Part One,Department of Employment Services 4058 Minnesota Avenue NE (Media: Open),"Mayor to Offer Remarks
	 "
2013-12-06T20:30:00-05:00,DCSAA Class AA Football Championship – H.D. Woodson vs. Friendship Collegiate,Catholic University Cardinal Stadium John McCormack Drive NE (Media: Open),"Mayor to Present Trophies
	 "
2013-12-06T19:30:00-05:00,Bread for the Soul Toy and Book Party,Residence of Dr. Cynthia Worsley 1410 Missouri Avenue NW (Media: Open),"Mayor to Offer Remarks
	 "
2013-12-06T15:00:00-05:00, Janice McCree Community Center Dedication Ceremony,Former Langston Community Center 701 24th Street NE (Media: Open),"Mayor to Offer Remarks
	 "
2013-12-06T12:15:00-05:00,Metropolitan Police Department Recruit Class Graduation Ceremony,MPD Training Academy 4665 Blue Plains Drive SW (Media: Open),Mayor to Offer Remarks 
2013-12-06T10:30:00-05:00, Groundbreaking for 400 E Street SW Development ,Future Hyatt Place Hotel/Engine Co. 13 Site 400 E Street SW (Media: Open),"Mayor to Offer Remarks at Groundbreaking for Mixed-Use Hotel/Fire Station/Retail Project
	 "
2013-12-05T19:30:00-05:00,Citywide Advisory Neighborhood Commission Holiday Reception ,John A. Wilson Building 5th Floor Hallway 1350 Pennsylvania Avenue NW (Media: Open),"Mayor to Attend
	 "
2013-12-05T18:30:00-05:00,DC Commission on Human Rights Awards Ceremony,Kaiser Family Foundation’s Barbara Jordan Center  1330 G Street NW (Media: Open),"Mayor to Offer Remarks
	 "
2013-12-05T14:00:00-05:00,Wilson Building Christmas Tree Lighting Ceremony,John A. Wilson Building 1st Floor Grand Foyer 1350 Pennsylvania Avenue NW (Media: Open),"Mayor to Offer Remarks, Help Light Tree
	 "
2013-12-05T13:00:00-05:00, “Gail Edwards Day” Proclamation Presentation,The Willard Hotel 1401 Pennsylvania Avenue NW (Media: Open),Mayor to Present Proclamation at Retirement Celebration for D.C. Building Industry Association Executive Vice President 
2013-12-05T11:00:00-05:00,Ward 7 Safe and Drug-Free Communities Coalition Press Announcement,Cesar Chavez Public Charter School for Public Policy – Parkside Campus 3701 Hayes Street NE (Media: Open),"Mayor to Offer Remarks
	 "
2013-12-04T18:45:00-05:00,District of Columbia Commission for Women Meeting,John A. Wilson Building Room 301 1350 Pennsylvania Avenue NW (Media: Open),"Mayor to Attend
	 "
2013-12-04T17:30:00-05:00,Swearing-in Ceremony for the Commission on Latino Community Development,John A. Wilson Building  Mayor’s Ceremonial Office (Room 507-A) 1350 Pennsylvania Avenue NW (Media: Open),"Mayor to Offer Remarks
	 "
2013-12-04T10:30:00-05:00,President Obama’s Address on the Economy Hosted by the Center for American Progress,THEARC 1901 Mississippi Avenue SE (Media: Open)," Mayor to Attend
	 "
2013-12-04T07:30:00-05:00,Walmart Georgia Avenue Location Grand Opening,Walmart 5929 Georgia Avenue NW (Media: Open),"Mayor to Attend
	 "
2013-12-03T19:00:00-05:00,Advisory Neighborhood Commission 8A01 Community Meeting,United Planning Organization Service Center 1649 Good Hope Road SE (Media: Open),Mayor to Offer Remarks
2013-12-03T17:15:00-05:00,Walmart H Street Location Grand Opening Preview ,Walmart 99 H Street NW (Media: Open),"Mayor to Offer Remarks
	 "
2013-12-03T16:30:00-05:00,Wilson Building Hanukkah Menorah-Lighting Ceremony,John A. Wilson Building Ground Floor Atrium 1350 Pennsylvania Avenue NW (Media: Open),"Mayor to Offer Remarks, Help Light Menorah"
2013-12-03T12:00:00-05:00,Jewish Community Relations Council of Greater Washington “Bring Alan Gross Home”4th Anniversary Vigil,Lafayette Square H Street between 15th and 17th Streets NW (Media: Open),"Mayor to Offer Remarks
	 "
2013-12-03T10:00:00-05:00,Five-Year Economic Development Plan Progress Report and Biweekly Press Briefing,City Market at O Street 9th Floor 770 P Street NW (Media: Open),Mayor to Offer Remarks 
2013-12-02T17:00:00-05:00,World AIDS Day Candlelight Vigil and “Our Heroes” Installation,"Martin Luther King, Junior Memorial Library 901 G Street NW (Media: Open)",Mayor to Offer Remarks 
2013-12-02T12:00:00-05:00,Swearing-in Ceremony for Mayor’s Commission on HIV/AIDS,John A. Wilson Building Mayor’s Ceremonial Office (507A) (Media: Open),Mayor to Offer Remarks 
2013-12-02T10:00:00-05:00,Hillcrest Recreation Center Playground Ribbon Cutting Ceremony,Hillcrest Recreation Center 3100 Denver Street SE (Media: Open),Mayor to Offer Remarks 
2013-12-01T13:00:00-05:00,Whitman Walker Health World AIDS Day Candlelight Vigil,1407 S Street NW (Media: Open),Mayor to Offer Remarks 
2013-12-01T10:00:00-05:00,Mayor’s Weekly Radio Address on All-News 99.1-FM WNEW,,Mayor to Offer Remarks
2013-11-28T10:45:00-05:00,44th Annual DCIAA Turkey Bowl ,Eastern High School Stadium 1700 East Capitol Street SE (Media: Open)," Mayor to Offer Remarks, Conduct Coin Toss at Football Game"
2013-11-27T14:15:00-05:00,Mayor Gray’s Thanksgiving Turkey Giveaway – Site #3,Developing Families Center 801 17th Street NE (Media: Open),Thanksgiving Turkey Giveaway 
2013-11-27T13:00:00-05:00,Mayor Gray’s Thanksgiving Turkey Giveaway – Site #2,Kenilworth Parkside 4500 Quarles Street NE (Media: Open),Thanksgiving Turkey Giveaway 
2013-11-27T11:15:00-05:00,Mayor Gray’s Thanksgiving Turkey Giveaway – Site #2,Walter E. Washington Convention Center 801 Mount Vernon Place NW (Media: Open),"Mayor to Offer Remarks
	 "
2013-11-27T09:00:00-05:00,Mayor Gray’s Thanksgiving Turkey Giveaway – Site #1,Woodland Terrace 2311 Ainger Place SE (Media: Open),Thanksgiving Turkey Giveaway 
2013-11-26T09:00:00-05:00,Mayor-Council Monthly Breakfast Meeting,John A. Wilson Building Mayor’s Ceremonial Office (Room 507-A) 1350 Pennsylvania Avenue NW (Media: Open),Meeting
2013-11-25T13:00:00-05:00,Food and Friends Thanksgiving Meal Packing,Food and Friends 219 Riggs Road NE (Media: Open),Mayor to Volunteer 
2013-11-25T12:00:00-05:00,44th Annual Safeway Turkey Bowl Luncheon,Verizon Center Acela Club 601 F Street NW (Media: Open),Mayor to Offer Remarks 
2013-11-25T11:00:00-05:00,New Supercans Announcement,Frank D. Reeves Center Rear Lobby 2000 14th Street NW (Media: Open),"Mayor to Offer Remarks
	 "
2013-11-25T09:30:00-05:00,Annual DC to Africa Business Symposium,One Judiciary Square 441 4th Street NW 11th Floor (Media: Open),Mayor to Offer Remarks
2013-11-24T13:00:00-05:00,Butch Hopkins Foundation Annual Brunch,Marriot Wardman Park 2660 Woodley Road NW (Media: Open),"Mayor to Offer Remarks
	 "
2013-11-24T10:00:00-05:00,Mayor’s Weekly Radio Address on All-News 99.1-FM WNEW,,"Mayor to Offer Remarks
	 "
2013-11-23T17:00:00-05:00,DCSAA Class A Inaugural Football Championship – Sidwell Friends vs. Archbishop Carroll,Wilson High School Stadium 3950 Chesapeake Street NW (Media: Open),Mayor to Present Trophies
2013-11-23T15:00:00-05:00,Macy’s Metro Center Holiday Window Unveiling,G Street between 12th & 13th Streets NW,Mayor to Offer Remarks 
2013-11-23T14:00:00-05:00,The DC Center for the LGBT Community Grand Opening and Open House,Frank D. Reeves Center Suite 105 2000 14th Street NW (Media: Open),Mayor to Offer Remarks 
2013-11-23T12:00:00-05:00, DC Health Link Citywide Information Day and Enrollment Fair ,Martin Luther King Jr. Memorial Library 901 G Street NW (Media: Open),"Mayor to Offer Remarks
	 "
2013-11-23T10:00:00-05:00,DC Superior Court Annual Adoption Day Celebration,Moultrie Courthouse 500 Indiana Avenue NW (Media: Open),Mayor to Offer Remarks
2013-11-22T18:00:00-05:00,Mayor’s Birthday Celebration and Constituent Services Fundraiser,Lost Society 2001 14th Street NW (Media: Open),Constituent Services Fundraiser
2013-11-22T16:00:00-05:00,Mayor’s Executive Cabinet Meeting,Frank D. Reeves Center 2000 14th Street NW (Media: Closed),Meeting
2013-11-22T12:00:00-05:00, Fire & Emergency Medical Services Cadet Class 15 Graduation Ceremony,Dunbar Senior High School 101 N Street NW (Media: Open),Mayor to Offer Remarks 
2013-11-22T08:00:00-05:00,At-Large Councilmember Vincent Orange’s 2nd Annual Small Business Summit,The Hamilton 600 14th Street NW (Media: Open),Mayor to Offer Remarks 
2013-11-21T19:30:00-05:00,Covenant House of Washington Annual Candlelight Vigil,Covenant House Washington Community Center 2001 Mississippi Avenue SE (Media: Open),Mayor to Offer Remarks 
2013-11-21T17:45:00-05:00,City Market at O Giant Supermarket Ribbon Cutting,City Market at O Giant Supermarket Corner of 7th and O Streets NW (Media: Open),"Mayor to Offer Remarks
	 "
2013-11-21T14:00:00-05:00,Executive Office of the Mayor 2013 DC One Fund Fair,John A. Wilson Building Rear Atrium 1350 Pennsylvania Avenue NW (Media: Open),Mayor to Offer Remarks 
2013-11-21T11:30:00-05:00,Memorial Service for James E. Ivey,Unity Church 1225 R Street NW,Mayor to Offer Remarks 
2013-11-21T10:00:00-05:00,Live Media Interview: NewsChannel 8’s NewsTalk with Bruce DePuyt,"WJLA Studios 1100 Wilson Boulevard Arlington, VA ",Live Media Interview
2013-11-20T20:00:00-05:00,RideScout App Launch Party,1776 1133 15th Street NW (Media: Open)," Mayor to Offer Remarks in Support of new Transit App
	 "
2013-11-20T19:15:00-05:00,Transgender Day of Remembrance Ceremony,"Metropolitan Community Church of Washington, DC 474 Ridge Street NW (Media: Open)","Mayor to Offer Remarks
	 "
2013-11-20T18:30:00-05:00,Congresswoman Eleanor Holmes Norton’s Community Meeting on Bullying,"Martin Luther King, Jr. Library 901 G Street NW (Media: Open)","Mayor to Attend
	 "
2013-11-20T16:00:00-05:00,DC Chamber of Commerce Policy Forum – Go Global: Expand Your Business Overseas and Attract International Investment,PNC  Bank 800 17th Street NW (Media: Open),Mayor to Moderate Panel 
2013-11-20T10:00:00-05:00,Affordable Housing Announcement and Mayor’s Biweekly Press Briefing,Future site of Metro Village 7051 Spring Place NW (Media: Open),"Mayor to Provide a Status Update on Affordable Housing in the District
	 "
2013-11-19T12:00:00-05:00,Wedding Ceremony of Rob Robertson and Carlos Taylor,John A. Wilson Building Mayor’s Ceremonial Office – Room 507 1350 Pennsylvania Avenue NW (Media: Open),Mayor to Officiate Wedding  
2013-11-19T10:00:00-05:00, Gibson Plaza Apartments Ribbon Cutting Ceremony,Gibson Plaza Apartments 1301 7th Streets NW (Media: Open),"Mayor to Offer Remarks, Cut Ribbon on Affordable Housing Units
	 "
2013-11-18T14:30:00-05:00,Drivers Safety Amendment Act of 2013 Bill-Signing Ceremony,John A. Wilson Building Room G9 1350 Pennsylvania Avenue NW (Media: Open)," Mayor to Offer Remarks and Sign Bill
	 "
2013-11-17T10:00:00-05:00, Mayor’s Weekly Radio Address on All-News 99.1-FM WNEW,,"Mayor to Offer Remarks
	 "
2013-11-15T12:00:00-05:00,"Washington, DC Economic Partnership Annual Meeting",Walter E. Washington Convention Center 801 Mount Vernon Place NW (Media: Open),"Mayor to Offer Remarks
	 "
2013-11-15T10:00:00-05:00,Benning Park Playground Ribbon-Cutting Ceremony,Benning Park Playground Southern Avenue and Fable Street SE (Media: Open),Mayor to Offer Remarks Opening 20th Play DC Play Space
2013-11-14T21:00:00-05:00,Fight for Children – Fight Night 2013,Washington Hilton Hotel International Ballroom 1919 Connecticut Avenue NW (Media: Open),Mayor to Attend 
2013-11-14T12:00:00-05:00,"Mayor’s Office on Asian and Pacific Islander Affairs “Connect, Engage, and Build” Business Engagement Kickoff Event ",Department of Consumer and Regulatory Affairs Room E200 1100 4th Street SW (Media: Open),Mayor to Offer Remarks 
2013-11-14T10:00:00-05:00,Fairway Park Apartments Ribbon-Cutting Ceremony,Fairway Park Apartments 2100 Maryland Avenue NE (Media: Open),Mayor to Offer Remarks on new Affordable Housing Units
2013-11-13T20:15:00-05:00,Crittenton Services of Greater Washington’s 125th Anniversary Celebration,The Hamilton 600 14th Street NW (Media: Open),Mayor to Offer Remarks 
2013-11-13T19:15:00-05:00, ANC 4C Community Meeting,Petworth Library 4200 Kansas Avenue NW (Media: Open),Mayor to Offer Remarks 
2013-11-13T18:30:00-05:00,DC Commission on African Affairs Meeting,Reeves Center 6th Floor 2000 14th Street NW (Open),Mayor to Attend 
2013-11-13T11:30:00-05:00,Unity Health Care Parkside Health Center Grand Opening,Unity Health Care Parkside 765 Kenilworth Terrace NE (Media: Open),"Mayor to Offer Remarks
	 "
2013-11-13T10:00:00-05:00,DC Appleseed HIV Report Announcement,John A. Wilson Building Mayor’s Press Briefing Room (Room G-9) 1350 Pennsylvania Avenue NW (Media: Open),Mayor to Offer Remarks 
2013-11-12T10:45:00-05:00,Opening of the new Georgetown University Downtown Campus,640 Massachusetts Avenue NW (Media: Open)," Mayor to Offer Remarks
	 "
2013-11-11T14:00:00-05:00,Veterans Day Luncheon,American Legion Post #8 224 D Street SE (Media: Open),"Mayor to Offer Remarks
	 "
2013-11-11T11:00:00-05:00,Veterans Day Commemoration Ceremony,African American Civil War Memorial and Museum 1925 Vermont Avenue NW (Media: Open),"Mayor to Offer Remarks
	 "
2013-11-10T22:00:00-05:00, Mayor’s Weekly Radio Address on All-News 99.1-FM WNEW,,"Mayor to Offer Remarks
	 "
2013-11-10T16:15:00-05:00,Kappa Alpha Psi Scholarship Endowment Fund Celebrity Auction,Howard University Armour J. Blackburn University Center Ballroom 2225 Georgia Avenue NW (Media: Open),Mayor to Offer Remarks 
2013-11-10T14:30:00-05:00,La Feria de la Familia Ribbon Cutting Ceremony,DC Armory 2001 East Capitol Street SE (Media: Open),Mayor to Offer Remarks 
2013-11-10T10:00:00-05:00, Father David A. Bava’s 40th Anniversary Mass and Celebration,Holy Redeemer Catholic Church 206 New York Avenue NW (Open), Mayor to Attend 
2013-11-09T19:00:00-05:00,William Lockridge Community Foundation Annual Fundraiser,THEARC 1901 Mississippi Avenue SE (Media: Open),Mayor to Offer Remarks 
2013-11-09T12:00:00-05:00,Mayor’s Youth Town Hall Kick-Off ,Busboys and Poets Langston Hughes Room 2021 14th Street NW (Media: Open),"Mayor to Offer Remarks
	 "
2013-11-09T10:00:00-05:00,Live Media Interview: WHUT’s The Rock Newman Show,Busboys and Poets Langston Hughes Room 2021 14th Street NW (Media: Open),Live Media Interview
2013-11-08T18:00:00-05:00,Greater Washington Urban League Retirement Tribute to Maudine Cooper,Marriott Wardman Park Hotel 2660 Woodley Road NW (Media: Open),Mayor to Offer Remarks 
2013-11-08T12:00:00-05:00,Marriott Marquis Job-Training Program Announcement,Carlos Rosario International Public Charter School 1100 Harvard Street NW (Media: Open),Mayor to Offer Remarks 
2013-11-08T10:00:00-05:00,DC Public Charter School Board Performance Management Framework Results Announcement,DC Bilingual Public Charter School 1420 Columbia Road NW (Media: Open),Mayor to Offer Remarks 
2013-11-07T19:00:00-05:00, DC NAACP Centennial Freedom Fund Banquet,Washington Hilton 1919 Connecticut Avenue NW (Media: Open),Mayor to Offer Remarks and Present Proclamation
2013-11-07T19:00:00-05:00,Marie Reed Elementary School Field Ribbon-Cutting Ceremony,Adjacent to Marie Reed Elementary School 2201 18th Street NW (Media: Open), Mayor to Offer Remarks 
2013-11-07T11:30:00-05:00,2013 National Assessment of Educational Progress (NAEP) Scores Announcement,Malcolm X Elementary School 1500 Mississippi Avenue SE (Media: Open),"Mayor to Offer Remarks
	 "
2013-11-06T15:00:00-05:00,Ceremonial Visit with Governor of the Columbian Department of Choco Hugo Tobar ,John A. Wilson Building 6th Floor 1350 Pennsylvania Avenue NW (Media: Closed)," Mayor to Meet with Governor Tobar
	 "
2013-11-04T18:30:00-05:00,Standing Ovation for DC Teachers,Kennedy Center for the Performing Arts 2700 F Street NW (Media: Open),"Mayor to Offer Remarks
	 "
2013-11-04T17:45:00-05:00, 2014 National Cherry Blossom Festival Launch,Arena Stage 1101 6th Street SW (Media: Open),Mayor to Offer Remarks 
2013-11-04T10:00:00-05:00,James Patterson Day Presentation,Stuart-Hobson Middle School 410 E Street NE (Media: Open), Mayor to Present Proclamation to Acclaimed Author
2013-11-03T10:00:00-05:00,Mayor’s Weekly Radio Address on All-News 99.1-FM WNEW,,Mayor to Offer Remarks
2013-11-02T16:00:00-04:00,Kiwanis Club 50th Anniversary Celebration ,Pier 7 Restaurant 650 Water Street SW (Media: Open),Mayor to Attend 
2013-11-02T14:00:00-04:00,"Continental Societies, DC Chapter 60th Anniversary Celebration ",Washington Marriott Hotel 1221 22nd Street NW (Media: Open),Mayor to Present Proclamation
2013-11-02T11:30:00-04:00,DCSAA Boys’ and Girls’ Cross-Country Championship,Fort Dupont Park F Street and Minnesota Avenue SE (Media: Open),Mayor to Present Trophies 
2013-11-01T12:30:00-04:00,Live Radio Interview: WAMU’s Politics Hour with Kojo Nnamdi,WAMU Studios 4401 Connecticut Avenue NW,Live Radio Interview
2013-11-01T11:00:00-04:00,Homes for Heroes DC Women Veterans and Children Transitional Housing Event,317 54th Street NE (Media: Open),"Mayor to Offer Remarks
	 "
2013-11-01T09:00:00-04:00,District Snow Team 2013 Dry Run,RFK Stadium Parking Lot 2400 East Capitol Street SE (Media: Open),Mayor to Offer Remarks 
2013-10-31T19:30:00-04:00,DC Republican Party Monthly Meeting,Capitol Hill Club 300 First Street SE,Mayor to Offer Remarks on the Fight for Budget Autonomy for the District of Columbia
2013-10-31T17:15:00-04:00,United States Conference on Adult Literacy,Hyatt Regency Capitol Hill 400 New Jersey Avenue NW (Media: Open),Mayor to Offer Remarks 
2013-10-31T10:00:00-04:00,Live Media Interview: NewsChannel 8’s NewsTalk with Bruce DePuyt,"WJLA Studios 1100 Wilson Boulevard Arlington, VA ",Live Media Interview:
2013-10-30T18:00:00-04:00,DCPublic Library Chief Librarian Ginnie Cooper Retirement Celebration,The Shakespeare Theatre Sidney Harman Hall 610 F Street NW (Media: Open),"Mayor to Offer Remarks
	 "
2013-10-30T10:00:00-04:00,Media Interview: WUSA9’s Monika Samtami,Sidamo Coffee and Tea 417 H Street NE,"Mayor to Discuss Progress on DC Streetcar
	 "
2013-10-30T07:30:00-04:00,Marshall’s Grand Opening and Ribbon-Cutting Ceremony,Marshall’s at the National Press Building 529 14th Street NW (Media: Open), Mayor to Help Open New Downtown Location for Discount Department Store Chain
2013-10-29T10:00:00-04:00,Harry Thomas Sr. Playground Ribbon-Cutting Ceremony ,Harry Thomas Sr. Recreation Center Playground 1743 Lincoln Road NE (Media: Open),Mayor to Offer Remarks
2013-10-28T12:00:00-04:00,DC ONE Fund Kickoff and Talent Show,Lincoln Theatre 1215 U Street NW (Media: Open),Mayor to Offer Remarks
2013-10-28T10:00:00-04:00,Great Streets Awards Ceremony 2014 Round 1,DC Dragons Martial Arts Training Center 1731 Rhode Island Avenue NE (Media: Open),Mayor to Offer Remarks
2013-10-28T08:00:00-04:00,Mortgage Bankers Association 100th Anniversary Conference,Walter E. Washington Convention Center 801 Mount Vernon Place NW (Media: Open),Mayor to Offer Remarks
2013-10-27T16:00:00-04:00,Fellowship of Peace Awards Ceremony Honoring Dr. Natwar Gandhi,"Golden Lotus Temple 4710 Western Avenue Bethesda, MD (Media: Open)",Mayor to Offer Remarks 
2013-10-27T10:00:00-04:00,Mayor’s Weekly Radio Address on All-News 99.1-FM WNEW,,Mayor to Offer Remarks
2013-10-26T19:00:00-04:00,DC Chamber of Commerce Gala ,Marriott Wardman Park Hotel 2660 Woodley Road NW (Media: Open),Mayor to Offer Remarks 
2013-10-26T18:00:00-04:00,Tau Epsilon Phi National Convention Reception ,Washington Marriot Foggy Bottom 1221 22nd Street NW,Mayor to Attend 
2013-10-26T12:30:00-04:00,D.C. Association of Parliamentarians Annual Parliamentary Law Day ,Navy Yard Conference and Catering Center Building 211 1454 Parsons Avenue SE (Media: Open),Mayor to Present Proclamation 
2013-10-26T11:00:00-04:00,DC Federation of Civic Associations 83rd Awards Luncheon ,Navy Yard Conference and Catering Center Building 211 1454 Parsons Avenue SE (Media: Open),Mayor to Offer Remarks
2013-10-26T08:15:00-04:00,Whitman Walker Health 27th Annual AIDS Walk,Freedom Plaza Across the street from the John A. Wilson Building 1350 Pennsylvania Avenue NW (Media: Open),Mayor to Offer Remarks 
2013-10-25T18:15:00-04:00,Gays and Lesbians Opposing Violence (GLOV) Reception for The Laramie Project,Ford’s Theatre 511 10th Street NW (Media: Open),Mayor to Offer Remarks  
2013-10-25T16:00:00-04:00,Visit with Ambassador Rubén Zamora of the Republic of El Salvador,John A. Wilson Building Mayor’s Ceremonial Office Room 509 1350 Pennsylvania Avenue NW (Media: Closed),Visit
2013-10-25T10:00:00-04:00, Funeral Service for Marion Whitlock Jones,Asbury United Methodist Church 926 11th Street NW (Media: Open),Mayor to Offer Remarks
2013-10-24T18:30:00-04:00,Mayor’s Commission on Asian and Pacific Islander Affairs Meeting,One Judiciary Square Conference Room 1114S 441 4th Street NW (Media: Open),Mayor to Attend 
2013-10-24T10:00:00-04:00,New York Avenue Bridge Rehabilitation Project Ribbon-Cutting Ceremony ,New York Avenue Bridge curb lane west of U-Store Building at 301 New York Ave NE; media parking available in the surface lot located on 4th Street just south of New York Avenue NE (Media: Open),Mayor to Offer Remarks
2013-10-23T14:30:00-04:00,Village Academy Grand Opening,Village Academy 3400 New York Avenue NE (Media: Open),Mayor to Attend 
2013-10-23T12:00:00-04:00,Washington Area Women’s Foundation Leadership Luncheon,Grand Hyatt Washington 1000 H Street NW (Media: Open),Mayor to Offer Remarks 
2013-10-23T10:00:00-04:00,St. Elizabeths East Gateway Pavilion Ribbon-Cutting Ceremony/Mayor’s Biweekly Press Briefing ,"Saint Elizabeths East Campus Gateway Pavilion 2700 Martin Luther King, Jr. Avenue SE (Media: Open)","Mayor to Offer Remarks and Cut Ribbon on new Saint Elizabeths Gateway Pavilion
	 "
2013-10-22T18:30:00-04:00,Community Health Partnership’s Annual Community Advisory Forum,Nativity Catholic Church 6000 Georgia Avenue NW (Media: Open),"Mayor to Offer Remarks
	 "
2013-10-22T17:30:00-04:00,"Reception Honoring Sharon Brady Raimo, Chief Executive Officer of St. Coletta of Greater Washington",Hyatt Regency Capitol Hill Hotel 400 New Jersey Avenue NW (Media: Open),"Mayor to Offer Remarks
	 "
2013-10-22T11:00:00-04:00, Funeral Service for Dolores Roper Gant,Metropolitan African Methodist Episcopal Church 1518 M Street NW (Media: Open),"Mayor to Offer Remarks
	 "
2013-10-22T09:00:00-04:00,Mayor-Council Monthly Breakfast Meeting,John A. Wilson Building Room 507-A 1350 Pennsylvania Avenue NW (Media: Open),"Mayor to Participate
	 "
2013-10-21T18:00:00-04:00,Restaurant Association of Metropolitan Washington Legislative Reception 2013,Tony and Joe’s Seafood 3000 K Street NW (Media: Open),"Mayor to Attend
	 "
2013-10-20T10:00:00-04:00,Mayor’s Weekly Radio Address on All-News 99.1-FM WNEW,,"Mayor to Offer Remarks
	 "
2013-10-19T20:00:00-04:00,Rho Mu Omega Day 25th Anniversary Awards Gala ,"University of Maryland Marriot Inn and Conference Center 3501 University Boulevard East Hyattsville, MD (Media: Open)","Mayor to Offer Remarks
	 "
2013-10-19T18:30:00-04:00,7th Annual Caucus Salvadoreno Empresarial Legacy of Achievements Gala ,,Mayor to Offer Remarks 
2013-10-19T12:30:00-04:00,2nd Annual Hillcrest Day 2013: Connecting Neighbors ,Anne Beers Elementary School 3660 Alabama Avenue SE (Media: Open),
2013-10-19T11:00:00-04:00,15th Annual Heart to Hart Tennis Classic and Groundbreaking,Southeast Tennis and Learning Center 701 Mississippi Avenue SE (Media: Open),
2013-10-18T20:00:00-04:00,Mary’s Center 25th Anniversary Gala,Marriott Wardman Park Hotel 2600 Woodley Road NW (Media: Open),Mayor to Offer Remarks 
2013-10-18T16:30:00-04:00,Cardozo Education Campus Ribbon-Cutting Ceremony,Francis L. Cardozo Education Campus 1200 Clifton Street NW (Media: Open),Mayor to Offer Remarks and Cut Ribbon on Modernized Cardozo Campus
2013-10-18T12:00:00-04:00,Live Media Interview: WAMU’s Politics Hour,,Media Interview
2013-10-18T10:00:00-04:00,District of Columbia Department of Transportation Tree-Planting Season Kick-Off ,2600 Block of Birney Place SE (Media: Open),Mayor to Offer Remarks 
2013-10-17T18:30:00-04:00,Mayor’s Office on Latino Affairs Noche Cultural Award Ceremony,Gala Hispanic Theatre 3333 14th Street NW (Media: Open),Mayor to Offer Remarks
2013-10-17T17:30:00-04:00,Swearing-In Ceremony for the Mayor’s Age-Friendly Task Force,John A. Wilson Building G9 1350 Pennsylvania Avenue NW (Media: Open),Mayor to Offer Remarks and Swear-in Task Force
2013-10-17T16:00:00-04:00, Lights on After School Event,John A. Wilson Building Front Steps 1350 Pennsylvania Avenue NW (Media: Open),Mayor to Offer Remarks
2013-10-17T10:00:00-04:00,DC Fire and Emergency Medical Services Graduation Ceremony,FEMS Training Academy Shepherd Parkway SW (Media: Open),Mayor to Offer Remarks
2013-10-16T11:30:00-04:00,Big Four Meeting and Press Conference on Federal Shutdown’s Local Impact,John A. Wilson Building Mayor’s Ceremonial Office (Room 509) 1350 Pennsylvania Avenue NW (Media: Open at end for press availability),"Mayor to Meet with Elected Representatives of Metropolitan Washington’s Four Largest Jurisdictions; Press Availability to Directly Follow Meeting
	 "
2013-10-15T15:00:00-04:00,Cabinet Meeting,Metropolitan Police Department Tactical Village 4665 Blue Plains Drive SW (Media: Closed),"Mayor to Offer Remarks
	 "
2013-10-13T11:00:00-04:00,Live Media Interview: MSNBC’s Melissa Harris-Perry,NBC Washington Studios 4001 Nebraska Avenue NW,"Federal Shutdown
	 "
2013-10-13T10:00:00-04:00,Mayor’s Weekly Radio Address on All-News 99.1-FM WNEW,,"Mayor to Offer Remarks
	 "
2013-10-12T15:00:00-04:00, Ben’s Chili Bowl World Chili Eating Championship,Pennsylvania Avenue NW Between 9th and 14th Streets NW (Media: Open),Mayor to Offer Remarks 
2013-10-12T09:30:00-04:00,"Creating Community Solutions: A Citywide, Interactive Conversation about Mental   Health",Walter E. Washington Convention Center West Salon 801 Mount Vernon Place NW (Media: Open),"Mayor to Offer Remarks
	 "
2013-10-10T18:30:00-04:00,Mayor Gray to Address District Residents to Explain How the Federal Shutdown is Negatively and Uniquely Effecting the District of Columbia,Friendship Public Charter School – Chamberlain Campus (formerly Chamberlain Elementary School) Common Room 1345 Potomac Avenue (Media: Open),"Mayor to Offer Remarks
	 "
2013-10-10T15:00:00-04:00,The Advisory Board Company’s 5k Charity Challenge  ,Rose Park 25th Street NW between M and N Streets NW (Media: Open),"Mayor to Offer Remarks
	 "
2013-10-09T20:30:00-04:00,DC Vote Champions of Democracy Awards Gala,The Mayflower Hotel 1127 Connecticut Avenue NW (Media: Open),Mayor to Present Award 
2013-10-09T18:45:00-04:00,Carlos Rosario International Public Charter School Sonia Gutierrez Campus Grand Opening,Carlos Rosario International Public Charter School 514 V Street NE (Media: Open),Mayor to Offer Remarks 
2013-10-09T12:30:00-04:00,DC Primary Care Association Policy Forum ,Gallaudet University Kellogg Conference Center 800 Florida Avenue NE (Media: Open),"Mayor to Offer Remarks
	 "
2013-10-09T11:00:00-04:00,Press Conference to Address the Impact of the Federal Government Shutdown on the District of Columbia ,"“Senate Swamp” (East Lawn of the US Capitol, across the driveway from the Senate east steps)","Mayor to Offer Remarks with Congresswoman Eleanor Holmes Norton, DC Councilmembers
	 "
2013-10-09T08:15:00-04:00,Live Radio Interview with Sirius XM Urban View Channel 110’s The Joe Madison Show,,Live Radio Interview
2013-10-08T18:30:00-04:00,Greater Washington Board of Trade 2013 Fall Business Classic Reception ,Omni Shoreham Hotel 2500 Calvert Street NW (Media: Open),"Mayor to Attend
	 "
2013-10-08T12:15:00-04:00,Concert for Immigration Reform ,The National Mall 10th Street NW Intersection (Media: Open),"Mayor to Offer Remarks
	 "
2013-10-08T09:30:00-04:00,DC Association of Chartered Public Schools Annual Meeting,Charles Sumner School Museum & Archives 1201 17th Street NW (Media: Open),"Mayor to Offer Remarks
	 "
2013-10-07T15:00:00-04:00,The Advisory Board Company’s 5k Charity Challenge,Rose Park 25th Street NW between M and M Street NW (Media: Open),Mayor to Offer Remarks
2013-10-06T13:00:00-04:00,DC Public Libraries Extended Hours Meet and Greet,Tenley Library 4450 Wisconsin Avenue NW (Media: Open),Mayor to Attend
2013-10-06T10:00:00-04:00,Mayor’s Weekly Radio Address on All-News 99.1-FM WNEW,,Mayor to Offer Remarks
2013-10-05T15:45:00-04:00,DC Rollergirls Season 8 Home Opener,DC Armory 2001 East Capitol Street SE (Media: Open),Mayor to Offer Remarks and Blow Ceremonial First Whistle at Roller Derby Match
2013-10-05T14:30:00-04:00,The Smile Project Street Carnival,Washington Nationals Lot W 620 M Street SE (Media: Open),Mayor to Offer Remarks on Sustainability 
2013-10-04T15:30:00-04:00,Media Interview: The Washington Post’s Robert Samuels,,Mayor to Discuss the New Communities Initiative
2013-10-04T10:00:00-04:00,Department of Human Services Family Resource Center Ribbon-Cutting Ceremony,"2100 Martin Luther King, Junior Avenue SE (Media: Open)",Mayor to Offer Remarks at Opening of Renovated Facility
2013-10-03T19:30:00-04:00,CARECEN 32nd Anniversary Celebration and Award Ceremony,Josephine Butler Parks Center 2437 15th Street NW (Media: Open),Mayor to Offer Remarks 
2013-10-03T17:00:00-04:00,So Others Might Eat (SOME) Mural Dedication Ceremony,Barnaby-Chesapeake House 738 Chesapeake Street SE (Media: Open),Mayor to Offer Remarks 
2013-10-03T15:30:00-04:00,Jumpstart DC Read for the Record Event ,Barbara Chambers Children’s Center 1470 Irving Street NW (Media: Open),Mayor to Read Otis by Loren Long 
2013-10-03T11:00:00-04:00,DC Department of Forensic Sciences/Combined Forensic Lab One-Year Anniversary Celebration and Open House,Department of Forensic Sciences Combined Forensic Lab Multipurpose Room 401 E Street SW (Media: Open), Mayor to Offer Remarks 
2013-10-03T08:00:00-04:00,College Success Foundation 6th Annual Breakfast Fundraiser,L’Enfant Plaza Hotel Main Ballroom 480 L’Enfant Plaza SW (Media: Open),Mayor to Offer Remarks 
2013-10-02T19:15:00-04:00,The Adas Israel Vision of Renewal Dedication Ceremony,Adas Israel Congregation 2850 Quebec Street NW (Media: Open),Mayor to Attend 
2013-10-02T13:00:00-04:00,Metropolitan Police Department Tactical Training Center Ribbon-Cutting Ceremony (Followed Immediately by the Mayor’s Biweekly Press Briefing),4665 Blue Plains Drive SW Behind the Police Academy (Media: Open),Mayor to Offer Remarks 
2013-10-02T11:30:00-04:00,Hattie Holmes Senior Center 6th Year Anniversary Celebration ,Hattie Holmes Senior Center 324 Kennedy Street NW (Media: Open),Mayor to Offer Remarks 
2013-10-02T09:00:00-04:00,Department of Employment Services/Department of Disability Services Path2Work: A One City • One Hire Event for People with Disabilities,Walter E. Washington Convention Center 801 Mount Vernon Place NW (Media: Open),Mayor to Offer Remarks 
2013-10-02T08:00:00-04:00,Every Body Walk 2013 Walking Summit,Renaissance Washington Hotel 999 9th Street NW (Media: Open),Mayor to Offer Remarks 
2013-10-01T19:30:00-04:00,Foggy Bottom West End Village Opening Reception ,St. Paul’s Episcopal Church Atrium 2430 K Street NW (Media: Open),Mayor to Offer Remarks 
2013-10-01T15:15:00-04:00,Children’s Defense Fund Early Childhood Education Panel,"McDermott, Will & Emery 500 North Capitol Street NW (Media: Closed)",Mayor to Serve as a Panelist 
2013-10-01T14:30:00-04:00,Lecture on A. Phillip Randolph & March on Washington ,CNN Washington Studios 820 First Street NE,Lecture
2013-10-01T10:00:00-04:00,OCTO Launches New Online Mapping Tool,Martin Luther King Junior Memorial Library Great Hall 901 G Street NW (Media: Open),Mayor to Offer Remarks 
2013-10-01T10:00:00-04:00,OCTO Launches New Online Mapping Tool,Martin Luther King Junior Memorial Library Great Hall 901 G Street NW (Media: Open),Mayor to Offer Remarks 
2013-09-30T20:00:00-04:00,Children’s Defense Fund 40th Anniversary Celebration,The John F. Kennedy Center for the Performing Arts Concert Hall 2700 F Street NW (Media: Open),"Mayor to Attend
	 "
2013-09-30T18:30:00-04:00,4th Annual DC African Heritage Celebration,Howard Theatre 620 T Street NW (Media: Open),Mayor to Offer Remarks
2013-09-30T09:00:00-04:00,2nd Annual Labor-Management Relations Conference,Gallaudet University Kellogg Conference Center 800 Florida Avenue NE (Media: Open),Mayor to Offer Remarks
2013-09-29T10:00:00-04:00,Mayor’s Weekly Radio Address on All-News 99.1-FM WNEW,,Mayor to Offer Remarks
2013-09-28T18:30:00-04:00,After Dark at THEARC Gala,THEARC 1901 Mississippi Avenue SE (Media: Open),Mayor to Attend
2013-09-28T16:00:00-04:00,Caribbean Music and Arts Festival,1300 Block of Pennsylvania Avenue NW (Media: Open),Mayor to Offer Remarks
2013-09-28T09:00:00-04:00,Office of the Tenant Advocate 2013 Tenant Summit,Gallaudet University Kellogg Conference Center 800 Florida Avenue NE (Media: Open),"Mayor to Offer Remarks
	 "
2013-09-27T17:00:00-04:00,Opportunities Industrialization Center Entrepreneurial Training Program Graduation Ceremony,Department of Employment Services Headquarters 4058 Minnesota Avenue NE (Media: Open),Mayor to Offer Remarks 
2013-09-27T16:30:00-04:00,Delon Hampton & Associates 40th Year Anniversary Reception  ,International Brotherhood of Electrical Workers (IBEW) Building 900 7th Street NW (Media: Open),Mayor to Offer Remarks 
2013-09-27T14:30:00-04:00,DC Device Lab Grand Opening,DC Device Lab Canvas Co-Working Space 3rd Floor 1203 19th Street NW (Media: Open),Mayor to Offer Remarks 
2013-09-27T10:30:00-04:00,Sheridan Station Groundbreaking Ceremony,Sheridan Station Site 2625 Stanton Road SE (Media: Open),Mayor to Offer Remarks at Groundbreaking for Affordable Housing Development
2013-09-27T09:00:00-04:00,Fire and Emergency Medical Services (FEMS) First Responder Recognition Ceremony,FEMS Training Academy 4600 Shepherd Parkway SW (Media: Open),Mayor to Offer Remarks Recognizing First Responders to the Navy Yard Mass Shooting
2013-09-26T19:00:00-04:00,District of Columbia Boards and Commissions Chairs Meeting,One Judiciary Square Old Council Chamber 441 4th Street NW (Media: Closed),"Mayor to Attend
	 "
2013-09-26T14:00:00-04:00,Photo-Op: Old Dunbar High School Building Demolition ,Dunbar Senior High School 101 N Street NW (Media: Open),Photo-Op
2013-09-26T12:00:00-04:00,Chief Financial Officer Nominee Announcement,John A. Wilson Building Mayor’s Press Briefing Room (Room G-9) 1350 Pennsylvania Avenue NW (Media: Open),Mayor to Offer Remarks 
2013-09-26T10:30:00-04:00,CentroNia Newton Early Education Center Ribbon Cutting Ceremony,CentroNia 3400 14th Street NW (Media: Open),Mayor to Offer Remarks 
2013-09-25T19:00:00-04:00,Mayor’s Interfaith Council Prayer Service for the Victims of the Navy Yard Shooting,Mount Carmel Baptist Church 901 3rd Street NW (Media: Open),Mayor to Offer Remarks 
2013-09-25T11:00:00-04:00,Funeral Services for Arthur Daniels,"Community of Hope African Methodist Episcopal Church 3701 Branch Avenue Hillcrest Heights, MD (Media: Closed)",Mayor to Offer Remarks at Services for Navy Yard Shooting Victim and District Resident
2013-09-25T10:00:00-04:00,Marriot Marquis Hotel “Topping Off” Celebration ,Marriot Marquis Hotel Site 9th and L Streets NW (Media: Open),Mayor to Offer Remarks 
2013-09-25T09:00:00-04:00,DC Department of Human Resources 2013 Annual Summit,Gallaudet University Kellogg Conference Center 800 Florida Avenue NE (Media: Open),Mayor to Offer Remarks 
2013-09-24T18:30:00-04:00,Advisory Neighborhood Commission Chairs Meeting,One Judiciary Square 441 4th Street NW Old Council Chamber (Media: Closed),"Mayor to Attend
	 "
2013-09-24T13:30:00-04:00,Press Briefing on District’s Preparations for Federal Shutdown,Metropolitan Police Department First District Station 101 M Street SW (Media: Open),"Mayor Gray, Congresswoman Norton to Offer Remarks
	 "
2013-09-24T12:30:00-04:00,Department of Consumer and Regulatory Affairs 2nd Annual Green Building Symposium and Expo,Gallaudet University Kellogg Conference Center800 Florida Avenue NE (Media: Open)," Mayor to Offer Remarks
	 "
2013-09-24T11:00:00-04:00,Department of Health’s Annual HIV/ Hepatitis/STD/TB Report Release,Whitman-Walker Clinic 1701 14th Street NW (Media: Open),"Mayor to Offer Remarks
	 "
2013-09-24T09:00:00-04:00,Monthly Mayor-Council Breakfast,John A. Wilson Building Room 507-A 1350 Pennsylvania Avenue NW (Media: Open),"Mayor to Attend
	 "
2013-09-23T12:30:00-04:00,DC Center for Independent Living and Statewide Independent Living Council of DC Annual Youth Transition Summit and Consumer Education Outreach Forum,Gallaudet University Kellogg Conference Center800 Florida Avenue NE(Media: Open),"Mayor to Offer Remarks
	 "
2013-09-23T10:30:00-04:00,Right to Vote Press Conference with Montgomery County Council President Nancy Navarro and US Senator for Maryland Ben Cardin,"Montgomery County Council Building 100 Maryland Avenue Rockville, MD (Media: Open)","Mayor to Offer Remarks
	 "
2013-09-23T08:45:00-04:00, Latin Public Charter School Grand Opening,Latin Public Charter School 5200 2nd Street NW (Media: Open),"Mayor to Offer Remarks
	 "
2013-09-22T18:00:00-04:00,Mayor to Conduct Live Media Interviews including MSNBC and Fox 5,Marine Barracks Washington 8th and I Streets SE,Live Media Interviews 
2013-09-22T17:00:00-04:00,Navy Yard Memorial Service,Marine Barracks Washington 8th and I Streets SE (Media: Open),"Mayor to Offer Remarks
	 "
2013-09-22T13:00:00-04:00,Fiesta DC ,Pennsylvania Avenue NW Between 9th and 14th Streets NW (Media: Open),Mayor to Attend
2013-09-22T10:00:00-04:00,Mayor’s Weekly Radio Address on All-News 99.1-FM WNEW,, Mayor to Offer Remarks
2013-09-21T18:00:00-04:00,Congressional Black Caucus Foundation Phoenix Awards Dinner,Walter E. Washington Convention Center 801 Mount Vernon Place NW (Media: Open),Mayor to Attend
2013-09-21T12:00:00-04:00,H Street Heritage Festival,8th and H Street NE Main Stage (Media: Open),"Mayor to Offer Remarks
	 "
2013-09-21T09:30:00-04:00,DC Age Friendly City Progress Report,Howard Theatre 620 T Street NW (Media: Open),Mayor to Offer Remarks
2013-09-20T17:00:00-04:00,Optoro DC Office Ribbon Cutting Ceremony ,Optoro DC 720 H Street NW (Media: Open),Mayor to Offer Remarks 
2013-09-20T15:00:00-04:00,Presentation of Key to the City to Jonathan Ogden of the Baltimore Ravens,John A. Wilson Building Front Steps 1350 Pennsylvania Avenue NW (Media: Open),Mayor to Offer Remarks and Present Key to NFL Star and District of Columbia Native
2013-09-20T13:00:00-04:00,Meeting with Delegation of Ambassadors from the Caribbean Community and Common Market,John A. Wilson Building Mayor’s Ceremonial Office (Room 509) 1350 Pennsylvania Avenue NW (Media: Closed),Mayor to Meet with CARICOM Ambassadors 
2013-09-20T10:00:00-04:00,Justice Park Groundbreaking Ceremony,Justice Park 1421 Euclid Street NW (Media: Open),Mayor to Offer Remarks 
2013-09-19T17:30:00-04:00,Mayor and D.C. Council’s Welcome to Washington Reception for the Congressional Black Caucus Foundation ,The Park at 14th 920 14th Street NW (Media: Open),Mayor to Offer Remarks 
2013-09-19T13:00:00-04:00,National Minority Angel Network’s Formation to Funding Investor & Entrepreneur Education Forum,1200 19th Street NW Suite 500 (Media: Open),Mayor to Offer Remarks 
2013-09-19T12:00:00-04:00,National Minority Angel Network’s Formation to Funding Investor & Entrepreneur Education Forum,,Mayor to Offer Remarks 
2013-09-19T10:00:00-04:00,Live Media Interview: NewsChannel 8’s NewsTalk with Bruce DePuyt,"WJLA Studios 1100 Wilson Boulevard Arlington, VA ",Media Interview
2013-09-18T18:30:00-04:00,"Swearing-in Ceremony for the Mayor’s Commission on Gay, Lesbian, Bisexual and Transgender Affairs",John A. Wilson Building Mayor’s Press Briefing Room (Room G-9) 1350 Pennsylvania Avenue NW (Media: Open),Mayor to Offer Remarks and Swear In Commissioners 
2013-09-18T10:00:00-04:00,Press Briefing on Mayor’s Fall Legislative Agenda,John A. Wilson Building Mayor’s Press Briefing Room (Room G-9) 1350 Pennsylvania Avenue NW (Media: Open),Mayor to Offer Remarks
2013-09-17T19:00:00-04:00,America’s Service Commissions Annual Reception,The Mansion on O Street 2020 O Street NW (Media: Open),Mayor to Offer Remarks
2013-09-17T17:30:00-04:00,Swearing-In Ceremony for Mayor’s Commission on HIV/AIDS ,John A. Wilson Building Mayor’s Press Briefing Room (Room G-9)1350 Pennsylvania Avenue NW (Media: Open),Mayor to Offer Remarks
2013-09-16T17:30:00-04:00,Jack and Jill on the Hill Welcome Reception,U.S. Capitol Visitors Center Congressional Atrium and Auditorium (Media: Open),"Mayor to Offer Remarks
	 "
2013-09-15T14:00:00-04:00,Metropolitan Police Department Family Field Day 2013,Fort Lesley J. McNair 2nd and Q Streets SW (Media: Closed),"Mayor to Attend
	 "
2013-09-15T10:00:00-04:00,Mayor’s Weekly Radio Address on All-News 99.1-FM WNEW,,"Mayor to Offer Remarks
	 "
2013-09-13T14:00:00-04:00," Visit with United States Navy Commandant, Rear Admiral Mark Rich ",John A. Wilson Building 1350 Pennsylvania Avenue NW Mayor’s Ceremonial Office – Room 509 (Media: Closed)," Visit
	 "
2013-09-13T11:30:00-04:00, Live Media Interview: CNBC,CNBC News Studios 400 North Capitol Street NW,"Mayor to Discuss LRAA Veto Decision
	 "
2013-09-13T10:00:00-04:00,Hamilton Playground Ribbon-Cutting Ceremony ,Hamilton Recreation Center 1340 Hamilton Street NW (Media: Open)," Mayor to Offer Remarks and Cut-Ribbon on Eighth Play DC Playground
	 "
2013-09-13T08:45:00-04:00,Live Media Interview: Fox 5 Television,Fox 5 Studios 5151 Wisconsin Avenue NW,"Mayor to Discuss LRAA Veto Decision
	 "
2013-09-12T20:15:00-04:00,DC Commission on the Arts and Humanities Annual Meeting,,"Mayor to Offer Remarks
	 "
2013-09-12T17:30:00-04:00,Cardinal Bank Georgetown Ribbon-Cutting Ceremony ,Cardinal Bank 1825 Wisconsin Avenue NW (Media: Open),"Mayor to Offer Remarks
	 "
2013-09-12T12:00:00-04:00,H.O.P.E. (Hospitality Outreach Pathways to Employment) Graduation Ceremony,Embassy Suites Hotel 900 10th Street NW (Media: Open),"Mayor to Offer Remarks
	 "
2013-09-12T09:00:00-04:00,Golden Triangle Business Improvement District Annual Meeting,The Renaissance Mayflower Hotel 1127 Connecticut Avenue NW (Media: Open),"Mayor to Offer Remarks
	 "
2013-09-11T11:30:00-04:00,Access Housing DC 9/11 National Day of Service and Remembrance,820 Chesapeake Street SE (Media: Open),Mayor to Offer Remarks and Commemorate the Anniversary of the 9/11 Attacks
2013-09-11T10:00:00-04:00,Serve DC’s 9/11 Day of Service and Emergency Preparedness Activity,Friendship Collegiate Academy 4095 Minnesota Avenue NE(Media: Open),"Mayor to Offer Remarks and Commemorate the Anniversary of the 9/11 Attacks
	Friendship Collegiate Academy
	 "
2013-09-10T14:00:00-04:00,DC United Soccer Stadium Project Labor Agreement Announcement,Nationals Park (outside the park at Home Plate Entrance Gate) 1500 South Capitol Street SE (Media: Open),"Mayor to Offer Remarks
	 "
2013-09-10T09:30:00-04:00,Trump International Old Post Office Lease-Signing Celebration ,The Old Post Office Building Room M-09 1100 Pennsylvania Avenue NW (Media: Open),"Mayor to Offer Remarks
	 "
2013-09-09T19:00:00-04:00,Turkish Cultural Heritage Month Celebration,Rayburn House Office Building Room B-369 (Media: Open),"Mayor to Offer Remarks
	 "
2013-09-09T15:30:00-04:00, Cabinet Meeting,Cardozo Education Campus 1200 Clifton Street NW (Media: Closed),"Mayor to Participate
	 "
2013-09-09T10:00:00-04:00,Press Conference on District’s Lack of a Vote in Congress on Authorization for Military Strikes in Syria,"District of Columbia War Memorial Independence Avenue SW between Basin Drive and 17th Street (across Independence from Martin Luther King, Jr. National Memorial)(Media: Open)","Mayor to Offer Remarks alongside Congresswoman Eleanor Holmes Norton
	 "
2013-09-09T08:00:00-04:00,YMCA-Anthony Bowen Ribbon-Cutting Ceremony,YMCA-Anthony Bowen 1325 W Street NW (Media: Open),"Mayor to Offer Remarks
	 "
2013-09-08T14:00:00-04:00,Adams Morgan Day Festival,18th Street and Columbia Road NW (Media: Open),"Mayor to Attend
	 "
2013-09-08T10:00:00-04:00,Mayor’s Weekly Radio Address on All-News 99.1-FM WNEW,,"Mayor to Offer Remarks
	 "
2013-09-07T15:15:00-04:00,AT&T Nation’s Football Classic ,RFK Stadium 2400 East Capitol Street SE (Media: Open),Mayor to Conduct Ceremonial Coin Toss and Offer Welcome Remarks to Annual Game between Morehouse College and Howard University 
2013-09-07T13:00:00-04:00,Local 11th Street Bridge Naming and Celebration,"11th Street Bridge local span (parking available at Maritime Plaza at 1201 M Street SE and Curtis Brothers Parking Lot at 2241 Martin Luther King, Jr. Avenue SE) (Media: Open)",Mayor to Offer Remarks and Commemorate the Completion of Local Portion of the 11th Street Bridge 
2013-09-06T19:00:00-04:00,AT&T Nation’s Football Classic President’s Reception,The Howard Theatre 620 T Street NW (Media: Open),Mayor to Offer Remarks 
2013-09-06T14:00:00-04:00,Ribbon-Cutting Ceremonies for New Shaw Restaurants,Baby Wale 1124 9th Street NW; Thally 1316 9th Street NW; Mandalay 1501 9th Street NW(Media: Open),Mayor to Offer Remarks and Help Cut Ribbons on Three New Neighborhood Restaurants  
2013-09-06T12:30:00-04:00,Seabury Resources for Aging Ward 5 Community Day for Seniors,North Michigan Park Recreation Center 1333 Emerson Street NE (Media: Open),Mayor to Offer Remarks 
2013-09-05T18:15:00-04:00,Celebration of the Future of Atlas Performing Arts Center and the Renaissance of H Street NE,Atlas Performing Arts Center Kogod Lobby 1333 H Street NE (Media: Open),"Mayor to Offer Remarks
	 "
2013-09-04T12:30:00-04:00,Live Media Interview: Univision,Univision Washington Studios 101 Constitution Avenue NW,"Mayor to Discuss Immigration Reform
	 "
2013-09-04T10:00:00-04:00,District Career Academies Announcement ,Cardozo Education Campus 1200 Clifton Street NW (parking available at former Meyer School entrance at 11th & Clifton Streets NW)(Media: Open),"Mayor to Offer Remarks
	 "
2013-09-03T21:00:00-04:00,Live Television Interview with News Channel 8’s Sports Talk with Alex Parker,"News Channel 8 Studios 1100 Wilson Boulevard Arlington, VA",Interview 
2013-09-03T10:00:00-04:00,Mayor’s Bi-Weekly Press Briefing,John A. Wilson Building 1350 Pennsylvania Avenue NW Room G9 (Media: Open),Mayor to Offer Remarks
2013-09-01T10:00:00-04:00,Mayor’s Weekly Radio Address on All-News 99.1-FM WNEW,,Mayor to Offer Remarks
2013-08-31T15:00:00-04:00,Georgetown University Ward 7 Community Service Day,Kenilworth Elementary School Playground 1300 44th Street NE (Media: Open),Mayor to Offer Remarks
2013-08-31T13:00:00-04:00,15th Annual W Street Capital Manor Block Party,1400 Block of W Street NW (Media: Open),Mayor to Offer Remarks
2013-08-30T15:00:00-04:00,Islamic Society of North America’s 50th Annual Convention,Walter E. Washington Convention Center 801 Mount Vernon Place NW (Media: Open),"Mayor to Offer Remarks
	 "
2013-08-30T10:00:00-04:00,Fort Greble Playground Ribbon Cutting Ceremony ,"Fort Greble Recreation Center Playground Martin Luther King, Jr. Avenue and Elmira Street SW (Media: Open)",Mayor to Offer Remarks and Cut Ribbon on Ward 8 PlayDC Playground
2013-08-29T11:30:00-04:00,Events DC and Goodwill Marriott Marquis Jobs Training Program Press Conference ,Walter E. Washington Convention Center 801 Mount Vernon Place NW (Media: Open),"Mayor to Offer Remarks
	 "
2013-08-29T10:00:00-04:00,Hard Hat Tour of the Washington Nationals Youth Baseball Academy Site ,Academy Site 3675 Ely Place SE (Media: Open),"Mayor to Participate
	 "
2013-08-28T10:15:00-04:00,Let Freedom Ring Closing Commemoration and Call to Action,Steps of the Lincoln Memorial The West End of the National Mall (Media: Open to those credentialed by organizers),Mayor to Offer Remarks Celebrating the 50th Anniversary of the March on Washington
2013-08-28T09:00:00-04:00,Interfaith Service for the March on Washington ,Shiloh Baptist Church 1500 9th Street NW (Media: Open),Mayor to Attend 
2013-08-27T12:00:00-04:00,Reflections on the Jewish and African-American Civil Rights Alliance Reception,The Constance Milstein Family Global Academic Center 1307 L Street NW (Media: Open),"Mayor to Offer Remarks
	 "
2013-08-27T10:00:00-04:00,D.C. Fire and Emergency Medical Services Improvements Announcement,Engine Company No. 2 500 F Street NW (Media: Open)," Mayor to Announce New FEMS Hires and Display District’s Newest Ambulances
	 "
2013-08-27T08:30:00-04:00,Destination DC’s Annual Marketing Outlook Meeting ,Walter E. Washington Convention Center 801 Mount Vernon Place NW (Media: Open),"Mayor to Offer Remarks
	 "
2013-08-26T12:00:00-04:00,Delta Sigma Theta Thank You Event,Carnegie Library at Mount Vernon Square 801 K Street NW (Media: Open),"Mayor to Offer Remarks
	 "
2013-08-26T08:15:00-04:00,First Day of School Tour,,"Mayor to Visit Schools. Times Are Approximate- 10:30 am : McKinley Middle School at McKinley Tech Education Campus, 101 T Street NE; 1:30 pm:DC Scholars Public Charter School, 5601 East Capitol Street SE;
	2:30 pm: Achievement Preparatory Academy, 1500 Mississippi Avenue SE"
2013-08-25T10:00:00-04:00,Mayor’s Weekly Radio Address on All-News 99.1-FM WNEW,,"Mayor to Offer Remarks
	 "
2013-08-24T09:30:00-04:00, 50th Anniversary of the March on Washington March and Rally,The Lincoln Memorial West end of the National Mall (Media: Open),"Mayor to Offer Remarks and Participate in March
	 "
2013-08-24T08:00:00-04:00,DC Statehood Rally and March,DC War Memorial Located on Independence Avenue between the Lincoln Memorial and 17th Street NW on the National Mall(Media: Open),"Mayor to Offer Remarks
	 "
2013-08-23T18:15:00-04:00,Mayor’s 50th Anniversary of the March on Washington Welcome Reception,Willard InterContinental Hotel Willard Room (off lobby) 1401 Pennsylvania Avenue NW (Media: Open for the Mayor’s remarks only),Mayor to Offer Remarks
2013-08-23T17:30:00-04:00,What’s the Unfinished Business for the LGBT Community?  A Conversation and Reception,Rayburn House Office Building Foyer 45 Independence Avenue SW (Media: Open),Freedom Plaza Pennsylvania Avenue between 13th & 14th Streets NW (Media: Open)
2013-08-23T15:00:00-04:00,Drum Majors for Justice Future Leaders Celebration,Freedom Plaza Pennsylvania Avenue between 13th & 14th Streets NW (Media: Open),Mayor to Offer Remarks
2013-08-23T13:00:00-04:00,Department of Human Services One City Summer Back-to-School Cookout,DC General Hospital 1900 Massachusetts Avenue SE (Media: Closed),Mayor to Offer Remarks
2013-08-23T10:00:00-04:00,Live Media Interview: NewsChannel 8’s NewsTalk with Bruce DePuyt,"WJLA Studios 1100 Wilson Boulevard Arlington, VA",Live Media Interview
2013-08-22T12:00:00-04:00,Chuck Brown Memorial Park at Langdon Ground-Breaking Ceremony,Chuck Brown Park at Langdon site 2901 20th Street NE (Media: Open),Mayor to Offer Remarks and Break Ground on Park to Honor the Late Go-go Legend
2013-08-22T10:00:00-04:00,Ben’s Chili Bowl 55th Birthday Celebration ,Ben’s Chili Bowl 1213 U Street NW (Media: Open),Mayor to Offer Remarks and Present Proclamation 
2013-08-21T19:00:00-04:00,Worship Service to Begin Celebration for the 50th Anniversary of the March on Washington,Mount Airy Baptist Church 1100 North Capitol Street NW (Media: Open),"Mayor to Offer Remarks
	 "
2013-08-21T14:15:00-04:00,Topping-Off Ceremony for Senior Housing at the CityMarket at O Development ,CityMarket at O 1490 7th Street NW (Media: Open),"Mayor to Offer Remarks Celebrating New Affordable Housing
	 "
2013-08-21T10:00:00-04:00,DC Statehood Rally and Mayor’s Bi-Weekly Press Briefing ,"The District of Columbia War Memorial 1900 block of Independence Avenue SW (across from Martin Luther King, Jr. Memorial)(Media: Open)","Mayor to Offer Remarks on Saturday’s 50th Anniversary of the March on Washington
	 "
